zip,wiki_url
00601,
00602,
00603,
00606,
00610,
00612,
00616,
00617,
00622,
00623,
00624,
00627,
00631,
00637,
00638,
00641,
00646,
00647,
00650,
00652,
00653,
00656,
00659,
00660,
00662,
00664,
00667,
00669,
00670,
00674,
00676,
00677,
00678,
00680,
00682,
00683,
00685,
00687,
00688,
00690,
00692,
00693,
00694,
00698,
00703,
00704,
00705,
00707,
00714,
00715,
00716,
00717,
00718,
00719,
00720,
00723,
00725,
00727,
00728,
00729,
00730,
00731,
00735,
00736,
00738,
00739,
00740,
00741,
00745,
00751,
00754,
00757,
00765,
00766,
00767,
00769,
00771,
00772,
00773,
00775,
00777,
00778,
00780,
00782,
00783,
00784,
00786,
00791,
00794,
00795,
00801,
00802,
00820,
00823,
00824,
00830,
00831,
00840,
00841,
00850,
00851,
00901,
00906,
00907,
00909,
00911,
00912,
00913,
00915,
00917,
00918,
00920,
00921,
00923,
00924,
00925,
00926,
00927,
00934,
00936,
00949,
00950,
00951,
00952,
00953,
00956,
00957,
00959,
00960,
00961,
00962,
00965,
00966,
00968,
00969,
00971,
00976,
00979,
00982,
00983,
00985,
00987,
01001,
01002,
01003,
01005,
01007,
01008,
01009,
01010,
01011,
01012,
01013,
01020,
01022,
01026,
01027,
01028,
01029,
01030,
01031,
01032,
01033,
01034,
01035,
01036,
01037,
01038,
01039,
01040,
01050,
01053,
01054,
01056,
01057,
01060,
01062,
01063,
01066,
01068,https://en.wikipedia.org/wiki/01068
01069,
01070,
01071,
01072,
01073,
01074,
01075,
01077,
01079,
01080,
01081,
01082,
01083,
01084,
01085,
01086,
01088,
01089,
01092,
01093,
01094,
01095,
01096,
01097,
01098,
01103,
01104,
01105,
01106,
01107,
01108,
01109,
01118,
01119,
01128,
01129,
01151,
01199,
01201,
01220,
01222,
01223,
01224,
01225,
01226,
01229,
01230,
01235,
01236,
01237,
01238,
01240,
01242,
01243,
01244,
01245,
01247,
01253,
01254,
01255,
01256,
01257,
01258,
01259,
01260,
01262,
01264,
01266,
01267,
01270,
01301,
01330,
01331,
01337,
01338,
01339,
01340,
01341,
01342,
01343,
01344,
01346,
01347,
01349,
01350,
01351,
01354,
01355,
01360,
01364,
01366,
01367,
01368,
01370,
01373,
01375,
01376,
01378,
01379,
01420,
01430,
01431,
01432,
01434,
01436,
01438,
01440,
01450,
01451,
01452,
01453,
01460,
01462,
01463,
01464,
01467,
01468,
01469,
01473,
01474,
01475,
01501,
01503,
01504,
01505,
01506,
01507,
01510,
01515,
01516,
01518,
01519,
01520,
01521,
01522,
01523,
01524,
01525,
01527,
01529,
01531,
01532,
01534,
01535,
01536,
01537,
01540,
01541,
01542,
01543,
01545,
01550,
01560,
01561,
01562,
01564,
01566,
01568,
01569,
01570,
01571,
01581,
01583,
01585,
01588,
01590,
01602,
01603,
01604,
01605,
01606,
01607,
01608,
01609,
01610,
01611,
01612,
01701,
01702,
01718,
01719,
01720,
01721,
01730,
01731,
01740,
01741,
01742,
01745,
01746,
01747,
01748,
01749,
01752,
01754,
01756,
01757,
01760,
01770,
01772,
01773,
01775,
01776,
01778,
01801,
01803,
01810,
01821,
01824,
01826,
01827,
01830,
01832,
01833,
01834,
01835,
01840,
01841,
01843,
01844,
01845,
01850,
01851,
01852,
01854,
01860,
01862,https://en.wikipedia.org/wiki/01862
01863,
01864,
01867,
01876,
01879,
01880,
01886,
01887,
01890,
01901,
01902,
01904,
01905,
01906,
01907,
01908,
01913,
01915,
01921,
01922,
01923,
01929,
01930,
01937,
01938,
01940,
01944,
01945,
01949,
01950,
01951,
01952,
01960,
01966,
01969,
01970,
01982,
01983,
01984,
01985,
02019,
02021,
02025,
02026,
02030,
02032,
02035,
02038,
02043,
02045,
02047,
02048,
02050,
02052,
02053,
02054,
02056,
02061,
02062,
02066,
02067,
02071,
02072,
02081,
02090,
02093,
02108,
02109,
02110,
02111,
02113,
02114,
02115,
02116,
02118,
02119,
02120,
02121,
02122,
02124,
02125,
02126,
02127,
02128,
02129,
02130,
02131,
02132,
02134,https://en.wikipedia.org/wiki/02134
02135,https://en.wikipedia.org/wiki/02135
02136,
02138,https://en.wikipedia.org/wiki/02138
02139,
02140,
02141,
02142,
02143,
02144,
02145,
02148,
02149,
02150,
02151,
02152,
02155,
02163,
02169,
02170,
02171,
02176,https://en.wikipedia.org/wiki/02176
02180,
02184,
02186,
02188,
02189,
02190,
02191,
02199,
02203,
02210,
02215,
02301,
02302,
02322,
02324,
02330,
02332,
02333,
02338,
02339,
02341,
02343,
02346,
02347,
02351,
02356,
02357,
02359,
02360,
02364,
02366,
02367,
02368,
02370,
02375,
02379,
02382,
02420,
02421,
02445,
02446,
02451,
02452,
02453,
02457,
02458,
02459,
02460,
02461,
02462,
02464,
02465,
02466,
02467,
02468,
02472,
02474,
02476,https://en.wikipedia.org/wiki/02476
02478,
02481,
02482,
02492,
02493,
02494,
02532,
02534,
02535,
02536,
02537,
02538,
02539,
02540,
02542,
02543,
02553,
02554,
02556,
02557,
02558,
02559,
02561,
02562,
02563,
02564,
02568,
02571,
02575,
02576,
02584,
02601,
02630,
02631,
02632,
02633,
02635,
02637,
02638,
02639,
02641,
02642,
02643,
02644,
02645,
02646,
02647,
02648,
02649,
02650,
02651,
02652,
02653,
02655,
02657,
02659,
02660,
02663,
02664,
02666,
02667,
02668,
02669,
02670,
02671,
02672,
02673,
02675,
02702,
02703,
02713,
02715,
02717,
02718,
02719,
02720,
02721,
02723,
02724,
02725,
02726,
02738,
02739,
02740,
02743,
02744,
02745,
02746,https://en.wikipedia.org/wiki/02746
02747,
02748,
02760,
02762,
02763,
02764,
02766,
02767,
02769,
02770,
02771,
02777,
02779,
02780,
02790,
02791,
02802,
02804,
02806,
02807,
02808,
02809,
02812,
02813,
02814,
02815,
02816,
02817,
02818,
02822,
02825,
02826,
02827,
02828,
02830,
02831,
02832,
02833,
02835,
02836,
02837,
02838,
02839,
02840,https://en.wikipedia.org/wiki/02840
02841,
02842,
02852,
02857,
02858,
02859,
02860,
02861,
02863,
02864,
02865,
02871,
02872,
02873,
02874,
02875,
02876,
02878,
02879,
02881,
02882,
02885,
02886,
02888,
02889,
02891,
02892,https://en.wikipedia.org/wiki/02892
02893,
02894,
02895,
02896,
02898,
02903,
02904,
02905,
02906,
02907,
02908,
02909,
02910,
02911,
02912,
02914,
02915,
02916,
02917,
02919,
02920,https://en.wikipedia.org/wiki/02920
02921,
03031,
03032,
03033,
03034,
03036,
03037,
03038,
03042,
03043,
03044,
03045,
03046,
03047,
03048,
03049,
03051,
03052,
03053,
03054,
03055,
03057,
03060,
03062,
03063,
03064,
03070,
03071,
03076,
03077,
03079,
03082,
03084,
03086,
03087,
03101,
03102,
03103,
03104,
03106,
03109,
03110,
03215,
03216,
03217,
03218,
03220,
03221,
03222,
03223,
03224,
03225,
03226,
03227,
03229,
03230,
03231,
03233,
03234,
03235,
03237,
03238,
03240,
03241,
03242,
03243,
03244,
03245,
03246,
03249,
03251,
03253,
03254,
03255,
03256,
03257,
03258,
03259,
03260,
03261,
03262,
03263,
03264,
03266,
03268,
03269,
03273,
03275,
03276,
03278,
03279,
03280,
03281,
03282,
03284,
03285,
03287,
03290,
03291,
03293,
03301,
03303,
03304,
03307,
03431,
03440,
03441,
03442,
03443,
03444,
03445,
03446,
03447,
03448,
03449,
03450,
03451,
03452,
03455,
03456,
03457,
03458,
03461,
03462,
03464,
03465,
03466,
03467,
03470,
03561,
03570,
03574,
03575,
03576,
03579,
03580,
03581,
03582,
03583,
03584,
03585,
03586,
03588,
03590,
03592,
03593,
03595,
03597,
03598,
03601,
03602,
03603,
03604,
03605,
03607,
03608,
03609,
03740,
03741,
03743,
03745,
03746,
03748,
03750,
03751,
03752,
03753,
03754,
03755,
03765,
03766,
03768,
03770,
03771,
03773,
03774,
03777,
03779,
03780,
03781,
03782,
03784,
03785,
03801,
03809,
03810,
03811,
03812,
03813,
03814,
03816,
03817,
03818,
03819,
03820,
03823,
03824,
03825,
03826,
03827,
03830,
03832,
03833,
03835,
03836,
03837,
03838,
03839,
03840,
03841,
03842,
03844,
03845,
03846,
03847,
03848,
03849,
03850,
03851,
03852,
03853,
03854,
03855,
03856,
03857,
03858,
03860,
03861,
03862,
03864,
03865,
03867,
03868,
03869,
03870,
03871,
03872,
03873,
03874,
03875,
03878,
03882,
03883,
03884,
03885,
03886,
03887,
03890,
03894,
03901,
03902,
03903,
03904,
03905,
03906,
03907,
03908,
03909,
03910,
03911,
04001,
04002,
04003,
04005,
04006,
04008,
04009,
04010,
04011,
04015,
04017,
04019,
04020,
04021,
04022,
04024,
04027,
04029,
04030,
04032,
04037,
04038,
04039,
04040,
04041,
04042,
04043,
04046,
04047,
04048,
04049,
04050,
04051,
04055,
04056,
04057,
04061,
04062,
04063,
04064,
04066,
04068,
04069,
04071,
04072,
04073,
04074,
04076,
04079,
04083,
04084,
04085,
04086,
04087,
04088,
04090,
04091,
04092,
04093,
04095,
04096,
04097,
04101,
04102,
04103,
04105,
04106,
04107,
04108,
04109,
04110,
04210,
04216,
04217,
04219,
04220,
04221,
04222,
04224,
04226,
04227,
04228,
04231,
04234,
04236,
04237,
04238,
04239,
04240,
04250,
04252,
04253,
04254,
04255,
04256,
04257,
04258,
04259,
04260,
04261,
04263,
04265,
04267,
04268,
04270,
04271,
04274,
04275,
04276,
04280,
04281,
04282,
04284,
04285,
04286,
04287,
04289,
04290,
04292,
04294,
04330,
04342,
04343,
04344,
04345,
04346,
04347,
04348,
04349,
04350,
04351,
04352,
04353,
04354,
04355,
04357,
04358,
04359,
04360,
04363,
04364,
04401,
04406,
04408,
04410,
04411,
04412,
04413,
04414,
04415,
04416,
04417,
04418,
04419,
04421,
04422,
04424,
04426,
04427,
04428,
04429,
04430,
04431,
04434,
04435,
04438,
04441,
04442,
04443,
04444,
04448,
04449,
04450,
04451,
04453,
04454,
04455,
04456,
04457,
04459,
04460,
04461,
04462,
04463,
04464,
04468,
04469,
04471,
04472,
04473,
04474,
04475,
04476,
04478,
04479,
04481,
04485,
04487,
04488,
04489,
04490,
04491,
04492,
04493,
04495,
04496,
04497,
04530,
04535,
04537,
04538,
04539,
04541,
04543,
04544,
04547,
04548,
04551,
04553,
04554,
04555,
04556,
04558,
04562,
04563,
04564,
04568,
04570,
04571,
04572,
04573,
04574,
04575,
04576,
04578,
04579,
04605,
04606,
04607,
04609,
04611,
04612,
04613,
04614,
04616,
04617,
04619,
04622,
04623,
04624,
04625,
04626,
04627,
04628,
04629,
04630,
04631,
04634,
04635,
04637,
04640,
04642,
04643,
04644,
04645,
04646,
04648,
04649,
04650,
04652,
04653,
04654,
04655,
04657,
04658,
04660,
04662,
04664,
04666,
04667,
04668,
04669,
04671,
04673,
04674,
04675,
04676,
04677,
04679,
04680,
04681,
04683,
04684,
04685,
04686,
04691,
04693,
04694,
04730,
04732,
04733,
04734,
04735,
04736,
04739,
04740,
04741,
04742,
04743,
04745,
04746,
04747,
04750,
04756,
04757,
04758,
04760,
04761,
04762,
04763,
04764,
04765,
04766,
04768,
04769,
04772,
04773,
04774,
04776,
04777,
04779,
04780,
04781,
04783,
04785,
04786,
04787,
04841,
04843,
04847,
04848,
04849,
04851,
04852,
04853,
04854,
04855,
04856,
04858,
04859,
04860,
04861,
04862,
04863,
04864,
04901,
04910,
04911,
04912,
04915,
04917,
04918,
04920,
04921,
04922,
04923,
04924,
04925,
04926,
04927,
04928,
04929,
04930,
04932,
04933,
04936,
04937,
04938,
04939,
04940,
04941,
04942,
04943,
04944,
04945,
04947,
04949,
04950,
04951,
04952,
04953,
04955,
04956,
04957,
04958,
04961,
04962,
04963,
04964,
04965,
04966,
04967,
04969,
04970,
04971,
04973,
04974,
04975,
04976,
04978,
04979,
04981,
04982,
04983,
04984,
04985,
04986,
04987,
04988,
04989,
04992,
05001,
05031,
05032,
05033,
05034,
05035,
05036,
05037,
05038,
05039,
05040,
05041,
05042,
05043,
05045,
05046,
05048,
05050,
05051,
05052,
05053,
05055,
05056,
05058,
05059,
05060,
05061,
05062,
05065,
05067,
05068,
05069,
05070,
05071,
05072,
05075,
05076,
05077,
05079,
05081,
05083,
05084,
05086,
05089,
05091,
05101,
05141,
05142,
05143,
05146,
05148,
05149,
05150,
05151,
05152,
05153,
05154,
05155,
05156,
05158,
05161,
05201,
05250,
05251,
05252,
05253,
05254,
05255,
05257,
05260,
05261,
05262,
05301,
05340,
05341,
05342,
05343,
05345,
05346,
05350,
05352,
05353,
05354,
05355,
05356,
05358,
05359,
05360,
05361,
05362,
05363,
05401,
05403,
05404,
05405,
05408,
05439,
05440,
05441,
05442,
05443,
05444,
05445,
05446,
05447,
05448,
05450,
05452,
05454,
05455,
05456,
05457,
05458,
05459,
05461,
05462,
05463,
05464,
05465,
05468,
05471,
05472,
05473,
05474,
05476,
05477,
05478,
05481,
05482,
05483,
05485,
05486,
05487,
05488,
05489,
05491,
05492,
05494,
05495,
05602,
05640,
05641,
05647,
05648,
05649,
05650,
05651,
05652,
05653,
05654,
05655,
05656,
05657,
05658,
05660,
05661,
05663,
05664,
05667,https://en.wikipedia.org/wiki/05667
05669,
05672,
05673,
05674,
05675,
05676,
05677,
05678,
05679,
05680,
05681,
05682,
05701,
05730,
05732,
05733,
05734,
05735,
05736,
05737,
05738,
05739,
05740,
05742,
05743,
05744,
05747,
05748,
05751,
05753,
05757,
05758,
05759,
05760,
05761,
05762,
05763,
05764,
05765,
05766,
05767,
05769,
05770,
05772,
05773,
05774,
05775,
05776,
05777,
05778,
05819,
05820,
05821,
05822,
05824,
05825,
05826,
05827,
05828,
05829,
05830,
05832,
05833,
05836,
05837,
05839,
05841,
05842,
05843,
05845,
05846,
05847,
05850,
05851,
05853,
05855,
05857,
05858,
05859,
05860,
05862,
05866,
05867,
05868,
05871,
05872,
05873,
05874,
05875,
05901,
05902,
05903,
05904,
05905,
05906,
05907,
06001,
06002,
06010,
06013,
06016,
06018,
06019,
06020,
06021,
06022,
06023,
06024,
06026,
06027,
06029,
06031,
06032,
06033,
06035,
06037,
06039,
06040,
06042,
06043,
06051,
06052,
06053,
06057,
06058,
06059,
06060,
06061,
06062,
06063,
06065,
06066,
06067,
06068,
06069,
06070,
06071,
06073,
06074,
06076,
06078,
06081,
06082,
06084,
06085,
06088,
06089,
06090,
06091,
06092,
06093,
06095,
06096,
06098,
06103,
06105,
06106,
06107,
06108,
06109,
06110,
06111,
06112,
06114,
06117,
06118,
06119,
06120,
06160,
06226,
06231,
06232,
06234,
06235,
06237,
06238,
06239,
06241,
06242,
06243,
06247,
06248,
06249,
06250,
06254,
06255,
06256,
06259,
06260,
06262,
06263,
06264,
06266,
06268,
06269,
06277,
06278,
06279,
06280,
06281,
06282,
06320,
06330,
06331,
06332,
06333,
06334,
06335,
06336,
06339,
06340,
06350,
06351,
06353,
06354,
06355,
06357,
06359,
06360,
06365,
06370,
06371,
06373,
06374,
06375,
06376,
06377,
06378,
06379,
06380,
06382,
06384,
06385,
06387,
06389,
06390,
06401,
06403,
06405,
06409,
06410,
06412,
06413,
06414,
06415,
06416,
06417,
06418,
06419,
06420,
06422,
06423,
06424,
06426,
06437,
06438,
06441,
06442,
06443,
06444,
06447,
06450,
06451,
06455,
06456,
06457,
06460,
06461,
06467,
06468,
06469,
06470,https://en.wikipedia.org/wiki/06470
06471,
06472,
06473,
06475,
06477,
06478,
06479,
06480,
06481,
06482,
06483,
06484,
06488,
06489,
06492,
06498,
06510,
06511,
06512,
06513,
06514,
06515,
06516,
06517,
06518,
06519,
06524,
06525,
06604,
06605,
06606,
06607,
06608,
06610,
06611,
06612,
06614,
06615,
06702,
06704,
06705,
06706,
06708,
06710,
06712,
06716,
06750,
06751,
06752,
06754,
06755,
06756,
06757,
06758,
06759,
06762,
06763,
06770,
06776,
06777,
06778,
06779,
06782,
06783,
06784,
06785,
06786,
06787,
06790,
06791,
06793,
06794,
06795,
06796,
06798,
06801,
06804,
06807,
06810,
06811,
06812,https://en.wikipedia.org/wiki/06812
06820,
06824,
06825,
06830,
06831,
06840,
06850,
06851,
06853,
06854,
06855,
06856,
06870,
06877,
06878,
06880,https://en.wikipedia.org/wiki/06880
06883,
06890,
06896,
06897,
06901,
06902,
06903,
06905,
06906,
06907,
07001,
07002,
07003,
07004,
07005,
07006,
07008,
07009,
07010,
07011,
07012,
07013,
07014,
07016,
07017,
07018,
07020,
07021,
07022,https://en.wikipedia.org/wiki/07022
07023,
07024,
07026,
07027,
07028,
07029,
07030,
07031,
07032,
07033,
07034,
07035,
07036,
07039,
07040,
07041,
07042,
07043,
07044,
07045,
07046,
07047,
07050,
07052,
07054,
07055,
07057,
07058,
07059,
07060,
07062,
07063,
07064,
07065,
07066,
07067,
07068,
07069,
07070,
07071,
07072,
07073,
07074,
07075,
07076,
07077,
07078,
07079,
07080,
07081,
07082,
07083,
07086,
07087,
07088,
07090,
07092,
07093,
07094,
07095,
07102,
07103,
07104,
07105,
07106,
07107,
07108,
07109,
07110,
07111,
07112,
07114,
07201,
07202,
07203,
07204,
07205,
07206,
07208,
07302,
07304,
07305,
07306,
07307,
07310,
07311,
07401,
07403,
07405,
07407,
07410,
07416,
07417,
07418,
07419,
07420,
07421,
07422,
07423,
07424,
07430,
07432,
07435,
07436,
07438,
07439,
07440,
07442,
07444,
07446,
07450,
07452,
07456,
07457,
07458,
07460,
07461,
07462,
07463,
07465,
07470,
07480,
07481,
07495,
07501,
07502,
07503,
07504,
07505,
07506,
07508,
07512,
07513,
07514,
07522,
07524,
07601,
07603,
07604,
07605,
07606,
07607,
07608,
07620,
07621,
07624,
07626,
07627,
07628,
07630,
07631,
07632,
07640,
07641,
07642,
07643,
07644,
07645,
07646,
07647,
07648,
07649,
07650,
07652,https://en.wikipedia.org/wiki/07652
07656,
07657,
07660,
07661,
07662,
07663,
07666,
07670,
07675,
07676,
07677,
07701,
07702,
07703,
07704,
07711,
07712,
07716,
07717,
07718,
07719,
07720,
07721,
07722,
07723,
07724,
07726,
07727,
07728,
07730,
07731,
07732,
07733,
07734,
07735,
07737,
07738,
07739,
07740,
07746,
07747,
07748,
07750,
07751,
07753,
07755,
07756,
07757,
07758,
07760,
07762,
07764,
07801,
07803,
07820,
07821,
07822,
07823,
07825,
07826,
07827,
07828,
07830,
07832,
07833,
07834,https://en.wikipedia.org/wiki/07834
07836,
07838,
07840,
07842,
07843,
07846,
07847,
07848,
07849,
07850,
07851,
07852,
07853,
07856,
07857,
07860,
07863,
07865,
07866,
07869,
07870,
07871,
07874,
07876,
07878,
07880,
07881,
07882,
07885,https://en.wikipedia.org/wiki/07885
07901,
07920,
07921,
07922,
07924,
07926,
07927,
07928,https://en.wikipedia.org/wiki/07928
07930,
07931,
07932,
07933,
07934,
07935,
07936,
07939,
07940,
07945,
07946,
07950,
07960,
07961,
07970,
07974,
07976,
07977,
07979,
07980,
07981,
08001,https://en.wikipedia.org/wiki/08001
08002,
08003,
08004,
08005,
08006,
08007,
08008,
08009,
08010,
08011,
08012,
08014,
08015,
08016,
08019,
08020,
08021,
08022,
08023,
08026,
08027,
08028,
08029,
08030,
08031,
08033,https://en.wikipedia.org/wiki/08033
08034,
08035,
08036,
08037,
08038,
08039,
08041,
08042,
08043,
08045,
08046,https://en.wikipedia.org/wiki/08046
08048,
08049,
08050,
08051,
08052,
08053,
08054,
08055,
08056,
08057,
08059,
08060,
08061,
08062,
08063,
08064,
08065,
08066,
08067,
08068,
08069,
08070,
08071,
08072,
08073,
08074,
08075,
08077,
08078,
08079,
08080,
08081,
08083,
08084,
08085,
08086,
08087,
08088,
08089,
08090,
08091,
08092,
08093,
08094,
08095,
08096,https://en.wikipedia.org/wiki/08096
08097,https://en.wikipedia.org/wiki/08097
08098,
08102,
08103,
08104,
08105,
08106,
08107,
08108,
08109,
08110,
08201,
08202,
08203,
08204,
08205,
08210,
08212,
08215,
08217,
08221,
08223,
08224,
08225,
08226,
08230,
08232,
08234,
08240,
08241,
08242,
08243,
08244,
08246,
08247,
08248,
08251,
08260,
08270,
08302,
08310,
08311,
08312,
08314,
08316,
08317,
08318,
08319,
08320,
08321,
08322,
08323,
08324,
08326,
08327,
08328,
08329,
08330,
08332,
08340,
08341,
08343,
08344,
08345,
08346,
08348,
08349,
08350,
08352,
08353,
08360,
08361,
08401,
08402,
08403,
08406,
08501,
08502,
08505,
08510,
08511,
08512,
08514,
08515,
08518,
08520,
08525,
08527,
08528,
08530,
08533,
08534,
08535,
08536,
08540,
08542,
08550,https://en.wikipedia.org/wiki/08550
08551,
08553,
08554,
08555,
08558,
08559,
08560,
08561,
08562,
08608,
08609,
08610,
08611,
08618,
08619,
08620,
08628,
08629,
08638,
08640,
08641,
08648,
08690,
08691,
08701,
08720,
08721,
08722,
08723,
08724,
08730,
08731,
08732,
08733,
08734,
08735,
08736,
08738,
08740,
08741,
08742,
08750,
08751,
08752,
08753,
08755,
08757,
08758,
08759,
08801,
08802,
08804,
08805,
08807,
08808,
08809,
08810,
08812,
08816,https://en.wikipedia.org/wiki/08816
08817,
08820,
08821,
08822,
08823,
08824,
08825,
08826,
08827,
08828,
08829,https://en.wikipedia.org/wiki/08829
08830,
08831,
08832,
08833,
08835,
08836,
08837,
08840,
08844,
08846,https://en.wikipedia.org/wiki/08846
08848,
08850,
08852,https://en.wikipedia.org/wiki/08852
08853,
08854,
08857,
08858,
08859,
08861,
08863,
08865,
08867,
08869,
08872,https://en.wikipedia.org/wiki/08872
08873,https://en.wikipedia.org/wiki/08873
08876,
08879,
08880,
08882,https://en.wikipedia.org/wiki/08882
08884,
08886,
08887,
08889,
08890,
08901,https://en.wikipedia.org/wiki/08901
08902,
08904,
10001,https://en.wikipedia.org/wiki/10001
10002,
10003,
10004,
10005,
10006,
10007,
10009,
10010,
10011,
10012,
10013,
10014,
10016,
10017,
10018,
10019,
10020,
10021,
10022,
10023,
10024,
10025,
10026,
10027,
10028,
10029,
10030,
10031,
10032,https://en.wikipedia.org/wiki/10032
10033,https://en.wikipedia.org/wiki/10033
10034,https://en.wikipedia.org/wiki/10034
10035,
10036,
10037,
10038,
10039,
10040,https://en.wikipedia.org/wiki/10040
10044,
10065,
10069,
10075,
10103,
10110,
10111,
10112,
10115,
10119,
10128,
10152,
10153,
10154,
10162,
10165,
10167,
10168,
10169,
10170,
10171,
10172,
10173,
10174,
10177,
10199,
10271,
10278,
10279,
10280,
10282,
10301,
10302,
10303,
10304,
10305,
10306,
10307,
10308,
10309,
10310,
10311,
10312,
10314,
10451,
10452,
10453,
10454,
10455,
10456,
10457,
10458,
10459,
10460,
10461,
10462,
10463,
10464,
10465,
10466,
10467,
10468,
10469,
10470,
10471,
10472,
10473,
10474,
10475,
10501,
10502,
10503,
10504,
10505,
10506,
10507,
10509,
10510,
10511,
10512,
10514,
10516,
10517,
10518,
10519,
10520,
10522,
10523,
10524,
10526,
10527,
10528,
10530,
10532,
10533,https://en.wikipedia.org/wiki/10533
10535,
10536,
10537,
10538,https://en.wikipedia.org/wiki/10538
10541,
10543,
10545,
10546,
10547,
10548,
10549,
10550,
10552,
10553,
10560,
10562,
10566,
10567,
10570,
10573,
10576,
10577,
10578,
10579,
10580,
10583,
10588,
10589,
10590,
10591,
10594,
10595,
10596,
10597,
10598,
10601,
10603,https://en.wikipedia.org/wiki/10603
10604,
10605,
10606,
10607,
10701,
10703,
10704,
10705,
10706,
10707,
10708,
10709,
10710,
10801,
10803,
10804,
10805,
10901,
10910,
10911,
10913,
10914,
10915,
10916,
10917,
10918,
10919,
10920,
10921,
10922,
10923,
10924,
10925,
10926,
10927,
10928,
10930,
10931,
10932,
10933,
10940,
10941,
10950,
10952,
10953,
10954,
10956,
10958,
10960,
10962,
10963,
10964,
10965,
10968,
10969,
10970,
10973,
10974,
10975,
10976,
10977,
10979,
10980,
10983,
10984,
10985,
10986,
10987,
10988,
10989,
10990,
10992,
10993,
10994,
10996,
10998,
11001,https://en.wikipedia.org/wiki/11001
11003,
11004,
11005,https://en.wikipedia.org/wiki/11005
11010,
11020,
11021,
11023,
11024,
11030,
11040,https://en.wikipedia.org/wiki/11040
11042,
11050,
11096,
11101,
11102,
11103,
11104,
11105,
11106,
11109,
11201,
11203,
11204,
11205,
11206,
11207,
11208,
11209,
11210,
11211,https://en.wikipedia.org/wiki/11211
11212,
11213,
11214,
11215,
11216,
11217,
11218,
11219,
11220,
11221,
11222,
11223,
11224,
11225,
11226,
11228,
11229,
11230,
11231,
11232,
11233,
11234,
11235,
11236,
11237,
11238,
11239,
11351,
11354,
11355,
11356,
11357,
11358,
11359,
11360,
11361,
11362,
11363,https://en.wikipedia.org/wiki/11363
11364,
11365,
11366,
11367,
11368,
11369,
11370,
11371,
11372,
11373,
11374,
11375,
11377,
11378,
11379,
11385,
11411,
11412,
11413,
11414,
11415,
11416,
11417,
11418,
11419,
11420,
11421,
11422,
11423,
11424,
11425,
11426,
11427,
11428,
11429,
11430,
11432,
11433,
11434,
11435,
11436,
11451,
11501,
11507,
11509,
11510,
11514,
11516,
11518,
11520,
11530,
11542,
11545,
11547,
11548,
11549,
11550,
11552,
11553,
11554,
11556,
11557,
11558,
11559,
11560,
11561,
11563,
11565,
11566,
11568,
11569,
11570,
11572,
11575,
11576,
11577,
11579,
11580,
11581,
11590,
11596,
11598,
11691,
11692,
11693,
11694,
11697,
11701,
11702,
11703,
11704,
11705,
11706,
11709,
11710,
11713,
11714,
11715,
11716,
11717,
11718,
11719,
11720,
11721,
11722,
11724,
11725,
11726,
11727,
11729,
11730,
11731,
11732,
11733,
11735,
11738,
11739,
11740,
11741,
11742,
11743,
11746,
11747,
11749,
11751,
11752,
11753,
11754,
11755,
11756,
11757,
11758,
11762,
11763,
11764,
11765,
11766,
11767,
11768,
11769,
11770,
11771,
11772,
11776,
11777,
11778,
11779,
11780,
11782,
11783,
11784,
11786,
11787,
11788,
11789,
11790,
11791,
11792,
11793,
11794,
11795,
11796,
11797,
11798,
11801,
11803,
11804,
11901,
11930,
11931,
11932,
11933,
11934,
11935,
11937,
11939,
11940,
11941,
11942,
11944,
11946,
11947,
11948,
11949,
11950,
11951,
11952,
11953,
11954,
11955,
11956,
11957,
11958,
11959,
11960,
11961,
11962,
11963,
11964,
11965,
11967,
11968,
11970,
11971,
11972,
11973,
11975,
11976,
11977,
11978,
11980,
12007,
12008,
12009,https://en.wikipedia.org/wiki/12009
12010,
12015,
12017,
12018,
12019,
12020,
12022,
12023,https://en.wikipedia.org/wiki/12023
12024,
12025,
12027,
12028,
12029,
12031,
12032,
12033,
12035,
12036,
12037,
12040,
12041,https://en.wikipedia.org/wiki/12041
12042,
12043,
12045,
12046,
12047,
12051,
12052,
12053,
12054,
12056,
12057,
12058,
12059,
12060,
12061,
12062,
12063,
12064,
12065,
12066,
12067,
12068,
12069,
12070,
12071,
12072,
12074,
12075,
12076,
12077,
12078,
12083,
12084,
12085,
12086,
12087,
12089,
12090,
12092,
12093,
12094,
12095,
12106,
12108,
12110,
12115,
12116,
12117,
12118,
12120,
12121,
12122,
12123,
12124,
12125,
12130,
12131,
12132,
12134,
12136,
12137,
12138,
12139,
12140,
12143,
12144,https://en.wikipedia.org/wiki/12144
12147,
12148,
12149,
12150,
12151,
12153,
12154,
12155,
12156,
12157,
12158,
12159,
12160,
12161,
12164,
12165,
12166,
12167,
12168,
12169,
12170,
12172,
12173,
12174,
12175,
12176,
12177,
12180,
12182,
12183,
12184,
12185,
12186,
12187,
12188,
12189,
12190,
12192,
12193,
12194,
12195,
12196,
12197,
12198,
12202,
12203,
12204,
12205,
12206,
12207,
12208,
12209,
12210,
12211,
12222,
12302,
12303,
12304,
12305,
12306,
12307,
12308,
12309,
12401,
12404,
12405,
12406,
12407,https://en.wikipedia.org/wiki/12407
12409,
12410,
12411,
12412,
12413,
12414,
12416,
12417,
12418,
12419,
12420,
12421,
12422,
12423,
12424,
12427,
12428,
12429,
12430,
12431,
12432,
12433,
12434,
12435,
12436,
12438,
12439,
12440,
12441,
12442,
12443,
12444,
12446,
12448,
12449,
12450,
12451,
12452,
12453,
12454,
12455,
12456,
12457,
12458,
12459,
12460,
12461,
12463,
12464,
12465,
12466,
12468,
12469,
12470,
12471,
12472,
12473,
12474,
12475,
12477,https://en.wikipedia.org/wiki/12477
12480,
12481,
12482,
12483,
12484,
12485,
12486,
12487,
12489,
12490,
12491,
12492,
12493,
12494,
12495,
12496,
12498,
12501,
12502,
12503,
12504,
12507,
12508,
12512,
12513,
12514,
12515,
12516,
12517,
12518,
12520,
12521,
12522,
12523,
12524,
12525,
12526,
12527,
12528,
12529,
12530,
12531,
12533,
12534,
12538,
12540,
12542,
12543,
12545,
12546,
12547,
12548,
12549,
12550,
12553,
12561,
12563,
12564,
12565,
12566,
12567,
12569,
12570,
12571,
12572,
12574,
12575,
12577,
12578,
12580,
12581,
12582,
12583,
12585,
12586,
12589,
12590,
12592,
12594,
12601,
12603,
12604,
12701,
12719,
12720,
12721,
12722,
12723,
12724,
12725,
12726,
12729,
12732,
12733,
12734,
12736,
12737,
12738,
12740,
12741,
12742,
12743,
12745,
12746,
12747,
12748,
12749,
12750,
12751,
12752,
12754,
12758,
12759,
12760,
12762,
12763,
12764,
12765,https://en.wikipedia.org/wiki/12765
12766,
12767,
12768,
12769,
12770,
12771,
12775,
12776,
12777,
12778,
12779,
12780,
12781,
12783,
12784,
12785,
12786,
12787,
12788,
12789,
12790,
12791,
12792,
12801,
12803,
12804,
12808,
12809,
12810,
12811,
12812,
12814,
12815,
12816,
12817,
12819,
12821,
12822,
12823,
12824,
12827,
12828,
12831,
12832,
12833,
12834,
12835,
12836,
12837,
12838,
12839,
12841,
12842,
12843,
12844,
12845,
12846,
12847,
12849,
12850,
12851,
12852,
12853,
12855,
12856,
12857,
12858,
12859,
12860,
12861,
12862,
12863,
12864,
12865,
12866,
12870,
12871,
12872,
12873,
12874,
12878,
12883,
12884,
12885,
12886,
12887,
12901,https://en.wikipedia.org/wiki/12901
12903,
12910,
12911,
12912,
12913,
12914,
12916,
12917,
12918,
12919,
12920,
12921,
12922,
12923,
12924,
12926,
12927,
12928,
12929,
12930,
12932,
12933,
12934,
12935,
12936,
12937,
12939,
12941,
12942,
12943,
12944,
12945,
12946,
12950,
12952,
12953,
12955,
12956,
12957,
12958,
12959,
12960,
12961,
12962,
12964,
12965,
12966,
12967,
12969,
12970,
12972,
12973,
12974,
12975,
12976,
12977,
12978,
12979,
12980,
12981,
12983,
12985,
12986,
12987,
12989,
12992,
12993,
12996,
12997,
12998,
13020,
13021,
13024,
13026,
13027,
13028,
13029,
13030,
13031,
13032,
13033,
13034,
13035,
13036,
13037,
13039,
13040,
13041,
13042,
13044,
13045,
13051,
13052,
13053,
13054,
13057,
13060,
13061,
13062,
13063,
13064,
13066,
13068,
13069,
13071,
13072,
13073,
13074,
13076,
13077,
13078,
13080,
13081,
13082,
13083,
13084,
13087,
13088,
13090,
13092,
13101,
13102,
13103,
13104,
13108,
13110,
13111,https://en.wikipedia.org/wiki/13111
13112,
13113,
13114,
13115,
13116,
13117,
13118,
13120,
13122,
13123,
13124,
13126,
13131,
13132,
13134,
13135,
13136,
13138,
13140,
13141,
13142,
13143,
13144,
13145,
13146,
13147,
13148,
13152,
13153,
13155,
13156,
13157,
13158,
13159,
13160,
13162,
13163,
13164,
13165,
13166,
13167,
13202,
13203,
13204,
13205,
13206,
13207,
13208,
13209,
13210,
13211,
13212,
13214,
13215,
13219,
13224,
13290,
13301,
13302,
13303,
13304,
13305,
13308,
13309,
13310,
13312,
13313,
13314,
13315,
13316,
13317,
13318,
13319,
13320,
13321,
13322,
13323,
13324,
13325,
13326,
13327,
13328,
13329,
13331,
13332,
13333,
13334,
13335,
13337,
13338,
13339,
13340,
13341,
13342,
13343,
13345,
13346,
13348,
13350,
13352,
13353,
13354,
13355,
13357,
13360,
13361,
13362,
13363,
13364,
13365,
13367,
13368,
13402,
13403,
13404,
13406,
13407,
13408,
13409,
13410,
13411,
13413,
13415,
13416,
13417,
13418,
13420,
13421,
13424,
13425,
13428,
13431,
13433,
13435,
13436,
13437,
13438,
13439,
13440,
13441,
13450,
13452,
13454,
13456,
13459,
13460,
13461,
13464,
13468,
13469,
13470,
13471,
13472,
13473,
13475,
13476,
13477,
13478,
13480,
13483,
13484,
13485,
13486,
13488,
13489,
13490,
13491,
13492,
13493,
13494,
13495,
13501,
13502,
13601,
13602,
13603,
13605,
13606,
13607,
13608,
13612,
13613,
13614,
13615,
13616,
13617,
13618,
13619,
13620,
13621,
13622,
13623,
13624,
13625,
13626,
13628,
13630,
13633,
13634,
13635,
13636,
13637,
13638,
13639,
13640,
13641,
13642,
13643,
13646,
13647,
13648,
13650,
13651,
13652,
13654,
13655,
13656,
13658,
13659,
13660,
13661,
13662,
13664,
13665,
13666,
13667,
13668,
13669,
13670,
13672,
13673,
13674,
13675,
13676,
13677,
13678,
13679,
13680,
13681,
13682,
13684,
13685,
13687,
13690,
13691,
13692,
13693,
13694,
13695,
13696,
13697,
13730,
13731,
13732,
13733,
13734,
13736,
13739,
13740,
13743,
13744,
13746,
13748,
13750,
13751,
13752,
13753,
13754,
13755,
13756,
13757,
13760,
13774,
13775,
13776,
13777,
13778,
13780,
13782,
13783,
13784,
13786,
13787,
13788,
13790,
13794,
13795,
13796,
13797,
13801,
13802,
13803,
13804,
13806,
13807,
13808,
13809,
13810,
13811,
13812,
13813,
13815,
13820,
13825,
13826,
13827,
13830,
13832,
13833,
13834,
13835,
13838,
13839,
13841,
13842,
13843,
13844,
13845,
13846,
13847,
13849,
13850,
13856,
13859,
13860,
13861,
13862,
13863,
13864,
13865,
13901,
13902,
13903,
13904,
13905,
14001,
14004,
14005,
14006,
14008,
14009,
14011,
14012,
14013,
14020,
14024,
14025,
14026,
14028,
14030,
14031,
14032,
14033,
14034,
14035,
14036,
14037,
14039,
14040,
14041,
14042,
14043,
14047,
14048,
14051,
14052,
14054,
14055,
14057,
14058,
14059,
14060,
14061,
14062,
14063,
14065,
14066,
14067,
14068,
14069,
14070,
14072,
14075,
14080,
14081,
14082,
14085,
14086,
14091,
14092,
14094,
14098,
14101,
14102,
14103,
14105,
14108,
14109,
14111,
14112,
14113,
14120,
14125,
14126,
14127,
14129,
14130,
14131,
14132,
14134,
14135,
14136,
14138,
14139,
14141,
14143,
14145,
14150,
14167,
14168,
14169,
14170,
14171,
14172,
14173,
14174,
14201,
14202,
14203,
14204,
14206,
14207,
14208,
14209,
14210,
14211,
14212,
14213,
14214,
14215,
14216,
14217,
14218,
14219,
14220,
14221,
14222,
14223,
14224,
14225,
14226,
14227,
14228,
14261,
14301,
14302,
14303,
14304,
14305,
14411,
14414,
14415,
14416,
14418,
14420,
14422,
14423,
14424,
14425,
14427,
14428,
14432,
14433,
14435,
14437,
14441,
14445,
14450,
14454,
14456,
14462,
14464,
14466,
14467,
14468,
14469,
14470,
14471,
14472,
14475,
14476,
14477,
14478,
14479,
14480,
14481,
14482,
14485,
14486,
14487,
14489,
14502,
14504,
14505,
14506,
14507,
14510,
14511,
14512,
14513,
14514,
14516,
14517,
14519,
14521,
14522,
14525,
14526,
14527,
14529,
14530,
14532,
14533,
14534,
14536,
14537,
14539,
14541,
14542,
14543,
14544,
14545,
14546,
14548,
14549,
14550,
14551,
14555,
14559,
14560,
14561,
14564,
14568,
14569,
14571,
14572,
14580,
14585,
14586,
14588,
14589,
14590,
14591,
14592,
14604,
14605,
14606,
14607,
14608,
14609,
14610,
14611,
14612,
14613,
14614,
14615,
14616,
14617,
14618,
14619,
14620,
14621,https://en.wikipedia.org/wiki/14621
14622,
14623,
14624,
14625,
14626,
14627,
14701,
14706,
14707,
14708,
14709,
14710,
14711,
14712,
14714,
14715,
14716,
14717,
14718,
14719,
14720,
14721,
14722,
14723,
14724,
14726,
14727,
14728,
14729,
14731,
14732,
14733,
14735,
14736,
14737,
14738,
14739,
14740,
14741,
14742,
14743,
14744,
14747,
14748,
14750,
14752,
14753,
14754,
14755,
14756,
14757,
14760,
14767,
14769,
14770,
14772,
14774,
14775,
14777,
14778,
14779,
14781,
14782,
14783,
14784,
14787,
14788,
14801,
14802,
14803,
14804,
14805,
14806,
14807,
14808,
14809,
14810,
14812,
14813,
14814,
14815,
14816,
14817,
14818,
14819,
14820,
14821,
14822,
14823,
14824,
14825,
14826,
14827,
14830,
14836,
14837,
14838,
14839,
14840,
14841,
14842,
14843,
14845,
14846,
14847,
14850,
14853,
14854,
14855,
14856,
14858,
14859,
14860,
14861,
14864,
14865,
14867,
14869,
14870,
14871,
14872,
14873,
14874,
14877,
14878,
14879,
14880,
14881,
14882,
14883,
14884,
14885,
14886,
14889,
14891,
14892,
14893,
14894,
14895,
14897,
14898,
14901,
14903,
14904,
14905,
15001,
15003,
15004,
15005,
15006,
15007,
15009,
15010,
15012,
15014,
15015,
15017,
15018,
15019,
15020,
15021,
15022,
15024,
15025,
15026,
15027,
15028,
15030,
15031,
15033,
15034,
15035,
15037,
15038,
15042,
15043,
15044,
15045,
15046,
15047,
15049,
15050,
15051,
15052,
15053,
15054,
15055,
15056,
15057,
15059,
15060,
15061,
15062,
15063,
15064,
15065,
15066,
15067,
15068,
15071,
15072,
15074,
15075,
15076,
15077,
15078,
15081,
15082,
15083,
15084,
15085,
15086,
15087,
15088,
15089,
15090,
15101,
15102,
15104,
15106,
15108,
15110,
15112,
15116,
15120,
15122,
15126,
15129,
15131,
15132,
15133,
15135,
15136,
15137,
15139,
15140,
15142,
15143,
15144,
15145,
15146,
15147,
15148,
15201,
15202,
15203,
15204,
15205,
15206,
15207,
15208,
15209,
15210,
15211,
15212,
15213,
15214,
15215,
15216,
15217,
15218,
15219,
15220,
15221,
15222,
15223,
15224,
15225,
15226,
15227,
15228,
15229,
15232,https://en.wikipedia.org/wiki/15232
15233,
15234,
15235,
15236,
15237,
15238,
15239,
15241,
15243,
15260,
15290,
15301,
15310,
15311,
15312,
15313,
15314,
15315,
15316,
15317,
15320,
15321,
15322,
15323,
15324,
15325,
15327,
15329,
15330,
15331,
15332,
15333,
15334,
15337,
15338,
15340,
15341,
15342,
15344,
15345,
15346,
15347,
15348,
15349,
15350,
15351,
15352,
15353,
15357,
15358,
15359,
15360,
15361,
15362,
15363,
15364,
15366,
15367,
15368,
15370,
15376,
15377,
15378,
15379,
15380,
15401,
15410,
15411,
15412,
15413,
15417,
15419,
15420,
15421,
15422,
15423,
15424,
15425,
15427,
15428,
15429,
15430,
15431,
15432,
15433,
15434,
15435,
15436,
15437,
15438,
15440,
15442,
15443,
15444,
15445,
15446,
15447,
15448,
15449,
15450,
15451,
15454,
15455,
15456,
15458,
15459,
15460,
15461,
15462,
15463,
15464,
15466,
15467,
15468,
15469,
15470,
15472,
15473,
15474,
15475,
15476,
15477,
15478,
15479,
15480,
15482,
15483,
15484,
15486,
15489,
15490,
15492,
15501,
15502,
15510,
15520,
15521,
15522,
15530,
15531,
15532,
15533,
15534,
15535,
15536,
15537,
15538,
15539,
15540,
15541,
15542,
15544,
15545,
15546,
15547,
15550,
15551,
15552,
15554,
15555,
15557,
15558,
15559,
15560,
15561,
15562,
15563,
15564,
15601,
15610,
15611,
15612,
15613,
15615,
15616,
15617,
15618,
15620,
15621,
15622,
15623,
15624,
15625,
15626,
15627,
15628,
15629,
15631,
15632,
15633,
15634,
15635,
15636,
15637,
15638,
15639,
15640,
15641,
15642,
15644,
15646,
15647,
15650,
15655,
15656,
15658,
15660,
15661,
15662,
15663,
15665,
15666,
15668,
15670,
15671,
15672,
15673,
15675,
15676,
15677,
15678,
15679,
15680,
15681,
15683,
15684,
15686,
15687,
15688,
15689,
15690,
15691,
15692,
15693,
15695,
15696,
15697,
15698,
15701,
15710,
15711,
15712,
15713,
15714,
15715,
15716,
15717,
15721,
15722,
15723,
15724,
15725,
15727,
15728,
15729,
15730,
15731,
15732,
15733,
15734,
15736,
15737,
15738,
15739,
15741,
15742,
15744,
15745,
15746,
15747,
15748,
15750,
15752,
15753,
15754,
15756,
15757,
15759,
15760,
15761,
15762,
15764,
15765,
15767,
15770,
15771,
15772,
15773,
15774,
15775,
15776,
15777,
15778,
15779,
15780,
15781,
15783,
15784,
15801,
15821,
15823,
15824,
15825,
15827,
15828,
15829,
15832,
15834,
15840,
15841,
15845,
15846,
15847,
15848,
15849,
15851,
15853,
15856,
15857,
15860,
15861,
15863,
15864,
15865,
15866,
15868,
15870,
15901,
15902,
15904,
15905,
15906,
15909,
15920,
15921,
15922,
15923,
15924,
15925,
15926,
15927,
15928,
15929,
15930,
15931,
15934,
15935,
15936,
15937,
15938,
15940,
15942,
15943,
15944,
15945,
15946,
15948,
15949,
15951,
15952,
15953,
15954,
15955,
15956,
15957,
15958,
15960,
15961,
15962,
15963,
16001,
16002,
16020,
16022,
16023,
16024,
16025,
16027,
16028,
16029,
16030,
16033,
16034,
16035,
16036,
16037,
16038,
16040,
16041,
16045,
16046,
16048,
16049,
16050,
16051,
16052,
16053,
16054,
16055,
16056,
16057,
16059,
16061,
16063,
16066,
16101,
16102,
16105,
16110,
16111,
16112,
16113,
16114,
16115,
16116,
16117,
16120,
16121,
16123,
16124,
16125,
16127,
16130,
16131,
16132,
16133,
16134,
16136,
16137,
16140,
16141,
16142,
16143,
16145,
16146,
16148,
16150,
16151,
16153,
16154,
16155,
16156,
16157,
16159,
16160,
16161,
16201,
16210,
16211,
16212,
16213,
16214,
16217,
16218,
16222,
16223,
16224,
16226,
16228,
16229,
16230,
16232,
16233,
16235,
16236,
16238,
16239,
16240,
16242,
16244,
16245,
16246,
16248,
16249,
16250,
16253,
16254,
16255,
16256,
16258,
16259,
16260,
16262,
16263,
16301,
16311,
16312,
16313,
16314,
16316,
16317,
16319,
16321,
16322,
16323,
16326,
16327,
16328,
16329,
16331,
16332,
16333,
16334,
16335,
16340,
16341,
16342,
16343,
16344,
16345,
16346,
16347,
16350,
16351,
16352,
16353,
16354,
16360,
16361,
16362,
16364,
16365,
16370,
16371,
16372,
16373,
16374,
16401,
16402,
16403,
16404,
16405,
16406,
16407,
16410,
16411,
16412,
16415,
16416,
16417,
16420,
16421,
16422,
16423,
16424,
16426,
16427,
16428,
16433,
16434,
16435,
16436,
16438,
16440,
16441,
16442,
16443,
16444,
16501,
16502,
16503,
16504,
16505,
16506,
16507,
16508,
16509,
16510,
16511,
16546,
16563,
16601,
16602,
16611,
16613,
16616,
16617,
16619,
16620,
16621,
16622,
16623,
16624,
16625,
16627,
16630,
16631,
16633,
16634,
16635,
16636,
16637,
16638,
16639,
16640,
16641,
16645,
16646,
16647,
16648,
16650,
16651,
16652,
16655,
16656,
16657,
16659,
16661,
16662,
16664,
16665,
16666,
16667,
16668,
16669,
16670,
16671,
16672,
16673,
16674,
16677,
16678,
16679,
16680,
16682,
16683,
16685,
16686,
16689,
16691,
16692,
16693,
16694,
16695,
16699,
16701,
16720,
16724,
16725,
16726,
16727,
16728,
16729,
16730,
16731,
16732,
16733,
16734,
16735,
16738,
16740,
16743,
16744,
16745,
16746,
16748,
16749,
16750,
16801,
16802,
16803,
16820,
16821,
16822,
16823,
16825,
16826,
16827,
16828,
16829,
16830,
16832,
16833,
16834,
16835,
16836,
16837,
16838,
16839,
16840,
16841,
16843,
16844,
16845,
16847,
16848,
16849,
16851,
16852,
16853,
16854,
16855,
16858,
16859,
16860,
16861,
16863,
16865,
16866,
16868,
16870,
16871,
16872,
16874,
16875,
16876,
16877,
16878,
16879,
16881,
16882,
16901,
16911,
16912,
16914,
16915,
16917,
16920,
16921,
16922,
16923,
16925,
16926,
16927,
16928,
16929,
16930,
16932,
16933,
16935,
16936,
16937,
16938,
16939,
16940,
16941,
16942,
16943,
16946,
16947,
16948,
16950,
17002,
17003,
17004,
17005,
17006,
17007,
17009,
17010,
17011,
17013,
17015,
17016,
17017,
17018,
17019,
17020,
17021,
17022,
17023,
17024,
17025,
17026,
17027,
17028,
17029,
17030,
17032,
17033,
17034,
17035,
17036,
17037,
17038,
17039,
17040,
17041,
17042,
17043,
17044,
17045,
17046,
17047,
17048,
17049,
17050,
17051,
17052,
17053,
17055,
17056,
17057,
17058,
17059,
17060,
17061,
17062,
17063,
17064,
17065,
17066,
17067,
17068,
17069,
17070,
17071,
17072,
17073,
17074,
17075,
17076,
17077,
17078,
17080,
17081,
17082,
17083,
17084,
17086,
17087,
17088,
17090,
17093,
17094,
17097,
17098,
17099,
17101,
17102,
17103,
17104,
17109,
17110,
17111,
17112,
17113,
17120,
17201,
17202,
17210,
17211,
17212,
17213,
17214,
17215,
17217,
17219,
17220,
17221,
17222,
17223,
17224,
17225,
17228,
17229,
17233,
17235,
17236,
17237,
17238,
17239,
17240,
17241,
17243,
17244,
17246,
17247,
17249,
17250,
17251,
17252,
17253,
17254,
17255,
17256,
17257,
17260,
17261,
17262,
17263,
17264,
17265,
17266,
17267,
17268,
17270,
17271,
17272,
17301,
17302,
17304,
17306,
17307,
17309,
17311,
17313,
17314,
17315,
17316,
17317,
17318,
17319,
17320,
17321,
17322,
17324,
17325,
17327,
17329,
17331,
17339,
17340,
17343,
17344,
17345,
17347,
17349,
17350,
17352,
17353,
17355,
17356,
17360,
17361,
17362,
17363,
17364,
17365,
17366,
17368,
17370,
17371,
17372,
17401,
17402,
17403,
17404,
17406,
17407,
17408,
17501,
17502,
17505,
17507,
17508,
17509,
17512,
17516,
17517,
17518,
17519,
17520,
17522,
17527,
17529,
17532,
17535,
17536,
17538,
17540,
17543,
17545,
17547,
17550,
17551,
17552,
17554,
17555,
17557,
17560,
17562,
17563,
17565,
17566,
17569,
17570,
17572,
17576,
17578,
17579,
17581,
17582,
17584,
17601,
17602,
17603,
17606,
17701,
17702,
17721,
17723,
17724,
17727,
17728,
17729,
17730,
17731,
17737,
17739,
17740,
17742,
17744,
17745,
17747,
17748,
17749,
17750,
17751,
17752,
17754,
17756,
17758,
17760,
17762,
17763,
17764,
17765,
17767,
17768,
17771,
17772,
17774,
17776,
17777,
17778,
17779,
17801,
17810,
17812,
17813,
17814,
17815,
17820,
17821,
17822,
17823,
17824,
17827,
17829,
17830,
17832,
17834,
17835,
17836,
17837,
17840,
17841,
17842,
17844,
17845,
17846,
17847,
17850,
17851,
17853,
17855,
17856,
17857,
17859,
17860,
17861,
17862,
17864,
17865,
17866,
17867,
17868,
17870,
17872,
17876,
17878,
17880,
17881,
17884,
17885,
17886,
17887,
17888,
17889,
17901,
17920,
17921,
17922,
17923,
17925,
17929,
17930,
17931,
17933,
17934,
17935,
17936,
17938,
17941,
17943,
17944,
17945,
17946,
17948,
17949,
17951,
17952,
17953,
17954,
17957,
17959,
17960,
17961,
17963,
17964,
17965,
17967,
17968,
17970,
17972,
17974,
17976,
17978,
17979,
17980,
17981,
17982,
17983,
17985,
18011,
18013,
18014,
18015,
18016,
18017,
18018,
18020,
18030,
18031,
18032,
18034,
18035,
18036,
18037,
18038,
18040,
18041,
18042,
18045,
18046,
18049,
18051,
18052,
18053,
18054,
18055,
18056,
18058,
18059,
18062,
18063,
18064,
18066,
18067,
18068,
18069,
18070,
18071,
18072,
18073,
18074,
18076,
18077,
18078,
18079,
18080,
18081,
18083,
18085,
18086,
18087,
18088,
18091,
18092,
18101,
18102,
18103,
18104,
18105,
18106,
18109,
18195,
18201,
18202,
18210,
18211,
18212,
18214,
18216,
18218,
18219,
18220,
18221,
18222,
18223,
18224,
18225,
18229,
18230,
18231,
18232,
18234,
18235,
18237,
18239,
18240,
18241,
18242,
18244,
18245,
18246,
18248,
18249,
18250,
18251,
18252,
18254,
18255,
18256,
18301,
18302,
18321,
18322,
18323,
18324,
18325,
18326,
18327,
18328,
18330,
18331,
18332,
18333,
18334,
18335,
18336,
18337,
18340,
18342,
18343,
18344,
18346,
18347,
18349,
18350,
18351,
18352,
18353,
18354,
18355,
18356,
18357,
18360,
18370,
18371,
18372,
18403,
18405,
18407,
18411,
18413,
18414,
18415,
18417,
18419,
18420,
18421,
18424,
18425,
18426,
18427,
18428,
18430,
18431,
18433,
18434,
18435,
18436,
18437,
18438,
18439,
18441,
18443,
18444,
18445,
18446,
18447,
18451,
18452,
18453,
18454,
18455,
18456,
18457,
18458,
18459,
18460,
18461,
18462,
18463,
18464,
18465,
18466,
18469,
18470,
18471,
18472,
18473,
18503,
18504,
18505,
18507,
18508,
18509,
18510,
18512,
18517,
18518,
18519,
18602,
18603,
18610,
18612,
18614,
18615,
18616,
18617,
18618,
18619,
18621,
18622,
18623,
18624,
18625,
18626,
18628,
18629,
18630,
18631,
18632,
18634,
18635,
18636,
18640,
18641,
18642,
18643,
18644,
18651,
18653,
18655,
18656,
18657,
18660,
18661,
18701,
18702,
18704,
18705,
18706,
18707,
18708,
18709,
18801,
18810,
18812,
18814,
18816,
18817,
18818,
18821,
18822,
18823,
18824,
18825,
18826,
18828,
18829,
18830,
18831,
18832,
18833,
18834,
18837,
18840,
18842,
18843,
18844,
18845,
18846,
18847,
18848,
18850,
18851,
18853,
18854,
18901,
18902,
18912,
18913,
18914,
18915,
18917,
18920,
18923,
18925,
18929,
18930,
18932,
18935,
18936,
18938,
18940,
18942,
18944,
18947,
18950,
18951,
18954,
18955,
18960,
18962,
18964,
18966,
18969,
18970,
18972,
18974,
18976,
18977,
18980,
19001,
19002,
19003,https://en.wikipedia.org/wiki/19003
19004,
19006,
19007,
19008,
19009,
19010,https://en.wikipedia.org/wiki/19010
19012,
19013,https://en.wikipedia.org/wiki/19013
19014,
19015,
19017,
19018,
19020,
19021,
19022,
19023,
19025,
19026,
19027,
19029,
19030,
19031,
19032,
19033,
19034,
19035,
19036,
19038,
19040,
19041,
19043,
19044,
19046,
19047,
19050,
19053,
19054,
19055,
19056,
19057,
19060,
19061,
19063,
19064,
19066,
19067,
19070,
19072,
19073,
19074,
19075,
19076,
19078,
19079,
19081,
19082,
19083,
19085,
19086,
19087,https://en.wikipedia.org/wiki/19087
19090,
19094,
19095,
19096,
19102,
19103,
19104,
19106,
19107,
19109,
19111,
19112,
19113,
19114,
19115,
19116,
19118,
19119,
19120,
19121,
19122,
19123,
19124,
19125,
19126,
19127,
19128,
19129,
19130,
19131,
19132,
19133,
19134,
19135,
19136,
19137,
19138,
19139,
19140,
19141,
19142,
19143,
19144,https://en.wikipedia.org/wiki/19144
19145,
19146,
19147,
19148,
19149,
19150,
19151,
19152,
19153,
19154,
19301,
19310,
19311,
19312,
19316,
19317,
19319,
19320,
19330,
19333,
19335,
19341,
19342,
19343,
19344,
19345,
19348,
19350,
19352,
19355,
19358,
19362,
19363,
19365,
19367,
19372,
19373,
19374,
19375,
19380,
19382,
19383,
19390,
19401,
19403,
19405,
19406,
19422,
19425,https://en.wikipedia.org/wiki/19425
19426,
19428,
19435,
19436,
19437,
19438,
19440,
19442,
19444,
19446,https://en.wikipedia.org/wiki/19446
19453,
19454,
19456,
19457,
19460,
19462,
19464,
19465,
19468,
19472,
19473,
19474,
19475,
19477,
19492,
19501,
19503,
19504,
19505,
19506,
19507,
19508,
19510,
19511,
19512,
19518,
19519,
19520,
19522,
19523,
19525,
19526,
19529,
19530,
19533,
19534,
19535,
19536,
19538,
19539,
19540,
19541,
19542,
19543,
19544,
19545,
19547,
19549,
19550,
19551,
19554,
19555,
19559,
19560,
19562,
19564,
19565,
19567,
19601,
19602,
19604,
19605,
19606,
19607,
19608,
19609,
19610,
19611,
19701,
19702,
19703,
19706,
19707,
19709,
19710,
19711,
19713,
19716,
19717,
19720,
19730,
19731,
19732,
19733,
19734,
19735,
19736,
19801,
19802,
19803,
19804,
19805,
19806,
19807,
19808,
19809,
19810,
19901,
19902,
19904,
19930,
19931,
19933,
19934,
19936,
19938,
19939,
19940,
19941,
19943,
19944,
19945,
19946,
19947,
19950,
19951,
19952,
19953,
19954,
19955,
19956,
19958,
19960,
19962,
19963,
19964,
19966,
19967,
19968,
19970,
19971,
19973,
19975,
19977,
19979,
20001,
20002,
20003,
20004,
20005,
20006,
20007,
20008,
20009,
20010,
20011,
20012,
20015,
20016,
20017,
20018,
20019,
20020,
20024,
20032,
20036,
20037,
20045,
20052,
20053,
20057,
20064,
20105,
20106,
20109,
20110,
20111,
20112,
20115,
20117,
20118,
20119,
20120,
20121,
20124,
20129,
20130,
20132,
20135,
20136,
20137,
20139,
20141,
20143,
20144,
20147,
20148,
20151,
20152,
20155,
20158,
20164,https://en.wikipedia.org/wiki/20164
20165,
20166,
20169,
20170,
20171,
20175,
20176,
20180,
20181,
20184,
20186,
20187,
20190,
20191,
20194,
20197,
20198,
20202,
20204,
20228,
20230,
20240,
20245,
20260,
20307,
20317,
20319,
20373,
20390,
20405,
20418,
20427,
20506,
20510,
20520,
20535,
20540,
20551,
20553,
20560,
20565,
20566,
20593,
20601,
20602,
20603,
20606,
20607,
20608,
20609,
20611,
20612,
20613,
20615,
20616,
20617,
20618,
20619,
20620,
20621,
20622,
20623,
20624,
20625,
20626,
20628,
20629,
20630,
20632,
20634,
20636,
20637,
20639,
20640,
20645,
20646,
20650,
20653,
20657,
20658,
20659,
20660,
20662,
20664,
20667,
20670,
20674,
20675,
20676,
20677,
20678,
20680,
20684,
20685,
20686,
20687,
20688,
20689,
20690,
20692,
20693,
20695,
20701,
20705,
20706,
20707,
20708,
20710,
20711,
20712,
20714,
20715,
20716,
20720,
20721,https://en.wikipedia.org/wiki/20721
20722,
20723,
20724,
20732,
20733,
20735,
20736,
20737,
20740,
20742,
20743,
20744,
20745,
20746,
20747,
20748,
20751,
20754,
20755,
20758,
20759,
20762,
20763,
20764,
20765,
20769,
20770,
20772,
20774,
20776,
20777,
20778,
20779,
20781,
20782,
20783,
20784,
20785,
20794,
20812,
20814,
20815,
20816,
20817,
20818,
20832,
20833,
20837,
20838,
20839,
20841,
20842,
20850,
20851,
20852,
20853,
20854,
20855,
20860,
20861,
20862,
20866,
20868,
20871,
20872,
20874,
20876,
20877,
20878,
20879,
20880,
20882,
20886,
20895,https://en.wikipedia.org/wiki/20895
20896,
20899,
20901,
20902,
20903,
20904,
20905,
20906,
20910,
20912,
21001,
21005,
21009,
21010,
21012,
21013,
21014,
21015,
21017,
21028,
21029,
21030,
21031,
21032,
21034,
21035,
21036,
21037,
21040,
21042,
21043,
21044,
21045,
21046,
21047,
21048,
21050,
21051,
21052,
21053,
21054,
21056,
21057,
21060,
21061,
21071,
21074,
21075,
21076,
21077,
21078,
21082,
21084,
21085,
21087,
21090,
21093,
21102,
21104,
21105,
21108,
21111,
21113,
21114,
21117,
21120,
21122,
21128,
21130,
21131,
21132,
21133,
21136,
21140,
21144,
21146,
21152,
21153,
21154,
21155,
21156,
21157,
21158,
21160,
21161,
21162,
21163,
21201,
21202,https://en.wikipedia.org/wiki/21202
21204,
21205,
21206,
21207,
21208,https://en.wikipedia.org/wiki/21208
21209,
21210,
21211,
21212,
21213,
21214,
21215,
21216,
21217,
21218,
21219,
21220,
21221,
21222,
21223,
21224,
21225,
21226,
21227,
21228,
21229,
21230,
21231,
21234,
21236,
21237,
21239,
21240,
21244,
21250,
21251,
21252,
21286,
21401,
21402,
21403,
21405,
21409,
21502,
21520,
21521,
21522,
21523,
21524,
21529,
21530,
21531,
21532,
21536,
21538,
21539,
21540,
21541,
21542,
21543,
21545,
21550,
21555,
21557,
21561,
21562,
21601,
21607,
21610,
21612,
21613,
21617,
21619,
21620,
21622,
21623,
21624,
21625,
21626,
21627,
21628,
21629,
21631,
21632,
21634,
21635,
21636,
21638,
21639,
21640,
21641,
21643,
21644,
21645,
21647,
21648,
21649,
21650,https://en.wikipedia.org/wiki/21650
21651,
21652,
21653,
21654,
21655,
21657,
21658,
21659,
21660,
21661,
21662,
21663,
21664,
21665,
21666,
21667,
21668,
21669,
21671,
21672,
21673,
21675,
21676,
21677,
21678,
21679,
21701,
21702,
21703,https://en.wikipedia.org/wiki/21703
21704,
21705,
21710,
21711,
21713,
21714,
21716,
21717,
21718,
21719,
21722,
21723,
21727,
21733,
21734,
21737,
21738,
21740,
21742,
21746,
21750,
21754,
21755,
21756,
21757,
21758,
21762,
21766,
21767,
21769,
21770,
21771,
21773,
21774,
21776,
21777,
21778,
21779,
21780,
21781,
21782,
21783,
21784,
21787,
21788,
21790,
21791,
21793,
21794,
21795,
21797,
21798,
21801,
21802,
21804,
21810,
21811,
21813,
21814,
21817,
21821,
21822,
21824,
21826,
21829,
21830,
21835,
21837,
21838,
21840,
21841,
21842,
21849,
21850,
21851,
21853,
21856,
21861,
21862,
21863,
21864,
21865,
21866,
21867,
21869,
21871,
21872,
21874,
21875,
21890,
21901,
21902,
21903,
21904,
21911,
21912,
21913,
21914,
21915,
21916,
21917,
21918,
21919,
21920,
21921,
21930,
22003,
22015,
22025,
22026,
22027,
22030,
22031,
22032,
22033,
22035,
22039,
22041,
22042,
22043,
22044,
22046,
22060,
22066,
22079,
22101,
22102,
22124,
22125,
22134,
22150,
22151,
22152,
22153,
22172,
22180,
22181,
22182,
22185,
22191,
22192,
22193,
22201,
22202,
22203,
22204,
22205,
22206,
22207,
22209,
22211,
22213,
22214,
22301,
22302,
22303,
22304,
22305,
22306,
22307,
22308,
22309,
22310,
22311,
22312,
22314,
22315,
22401,
22405,
22406,
22407,
22408,
22427,
22432,
22433,
22435,
22436,
22437,
22438,
22443,
22448,
22454,
22460,
22469,
22473,
22476,
22480,
22482,
22485,
22488,
22503,
22504,
22508,
22509,
22511,
22514,
22520,
22529,
22530,
22534,
22535,
22538,
22539,
22542,
22546,
22548,
22551,
22553,
22554,
22556,
22560,
22567,
22572,
22576,
22578,
22579,
22580,
22601,
22602,
22603,
22610,
22611,
22620,
22623,
22624,
22625,
22627,
22630,
22637,
22639,
22640,
22641,
22642,
22643,
22644,
22645,
22646,
22650,
22652,
22654,
22655,
22656,
22657,
22660,
22663,
22664,
22701,
22709,
22711,
22712,
22713,
22714,
22715,
22716,
22718,
22719,
22720,
22722,
22723,
22724,
22726,
22727,
22728,
22729,
22730,
22731,
22732,
22733,
22734,
22735,
22736,
22737,
22738,
22740,
22741,
22742,
22743,
22747,
22749,
22801,
22802,
22807,
22810,
22811,
22812,
22815,
22820,
22821,
22824,
22827,
22830,
22831,
22832,
22834,
22835,
22840,
22841,
22842,
22843,
22844,
22845,
22846,
22847,
22849,
22850,
22851,
22853,
22901,
22902,
22903,
22904,
22911,
22920,
22922,
22923,
22931,
22932,
22935,
22936,
22937,
22938,
22939,
22940,
22942,
22943,
22946,
22947,
22948,
22949,
22952,
22958,
22959,
22960,
22963,
22964,
22967,
22968,
22969,
22971,
22972,
22973,
22974,
22976,
22980,
22989,
23002,
23004,
23005,
23009,
23011,
23015,
23021,
23022,
23023,
23024,
23025,
23027,
23030,
23032,
23035,
23038,
23039,
23040,
23043,
23045,
23047,
23050,
23055,
23056,
23059,
23060,https://en.wikipedia.org/wiki/23060
23061,
23062,
23063,
23064,
23065,
23066,
23068,
23069,
23070,
23071,
23072,
23075,
23076,
23079,
23083,
23084,
23085,
23086,
23089,
23091,
23092,
23093,
23102,
23103,
23106,
23108,
23109,https://en.wikipedia.org/wiki/23109
23110,
23111,
23112,
23113,
23114,
23115,
23116,
23117,
23119,
23120,
23123,
23124,
23125,
23126,
23128,
23129,
23130,
23138,
23139,
23140,
23141,
23146,
23148,
23149,
23150,
23153,
23156,
23160,
23161,
23163,
23168,
23169,
23173,
23175,
23176,
23177,
23180,
23181,
23185,
23187,
23188,
23192,
23219,
23220,
23221,
23222,
23223,
23224,
23225,
23226,
23227,
23228,
23229,
23230,
23231,
23233,
23234,
23235,
23236,
23237,
23238,
23250,
23294,
23301,
23302,
23303,
23304,
23306,
23307,
23308,
23310,
23313,
23314,
23315,
23316,
23320,
23321,
23322,
23323,
23324,
23325,
23336,
23337,
23347,
23350,
23354,
23356,
23357,
23358,
23359,
23389,
23395,
23398,
23401,
23405,
23407,
23408,
23409,
23410,
23413,
23414,
23415,
23416,
23417,
23418,
23420,
23421,
23422,
23423,
23426,
23427,
23430,
23432,
23433,
23434,
23435,
23436,
23437,
23438,
23440,
23441,
23442,
23451,
23452,
23453,
23454,
23455,
23456,
23457,
23459,
23460,
23461,
23462,
23464,
23480,
23486,
23487,
23488,
23502,
23503,
23504,
23505,
23507,
23508,
23509,
23510,
23511,
23513,
23517,
23518,
23523,
23551,
23601,
23602,
23603,
23604,
23605,
23606,
23607,
23608,
23651,
23661,
23662,
23663,
23664,
23665,
23666,
23669,
23690,
23691,
23692,
23693,
23696,
23701,
23702,
23703,
23704,
23707,
23708,
23709,
23801,
23803,
23805,
23806,
23821,
23824,
23827,
23828,
23829,
23830,
23831,
23832,
23833,
23834,
23836,
23837,
23838,
23839,
23840,
23841,
23842,
23843,
23844,
23845,
23846,
23847,
23850,
23851,
23856,
23857,
23860,
23866,
23867,
23868,
23872,
23874,
23875,
23876,
23878,
23879,
23881,
23882,
23883,
23884,
23885,
23887,
23888,
23889,
23890,
23891,
23893,
23894,
23897,
23898,
23899,
23901,
23909,
23915,
23917,
23919,
23920,
23921,
23922,
23923,
23924,
23927,
23930,
23934,
23936,
23937,
23938,
23942,
23943,
23944,
23947,
23950,
23952,
23954,
23958,
23959,
23960,
23962,
23963,
23964,
23966,
23967,
23968,
23970,
23974,
23976,
24011,
24012,
24013,
24014,
24015,
24016,
24017,
24018,
24019,
24020,
24053,
24054,
24055,
24058,
24059,
24060,
24064,
24065,
24066,
24067,
24069,
24070,
24072,
24073,
24076,
24077,
24078,
24079,
24082,
24083,
24084,
24085,
24086,
24087,
24088,
24089,
24090,
24091,
24092,
24093,
24095,
24101,
24102,
24104,
24105,
24112,
24120,
24121,
24122,
24124,
24127,
24128,
24130,
24131,
24132,
24133,
24134,
24136,
24137,
24138,
24139,
24141,
24142,
24147,
24148,
24149,
24150,
24151,
24153,
24161,
24162,
24165,
24167,
24168,
24171,
24174,
24175,
24176,
24179,
24184,
24185,
24201,
24202,
24210,
24211,
24216,
24217,
24219,
24220,
24221,
24224,
24225,
24226,
24228,
24230,
24236,
24237,
24239,
24243,
24244,
24245,
24246,
24248,
24250,
24251,
24256,
24258,
24260,
24263,
24265,
24266,
24269,
24270,
24271,
24272,
24273,
24277,
24279,
24280,
24281,
24282,
24283,
24290,
24292,
24293,
24301,
24311,
24312,
24313,
24314,
24315,
24316,
24317,
24318,
24319,
24322,
24323,
24324,
24325,
24326,
24328,
24330,
24333,
24340,
24343,
24347,
24348,
24350,
24351,
24352,
24354,
24360,
24361,
24363,
24366,
24368,
24370,
24374,
24375,
24377,
24378,
24380,
24381,
24382,
24401,
24411,
24412,
24413,
24415,
24416,
24421,
24422,
24426,
24430,
24431,
24432,
24433,
24435,
24437,
24439,
24440,
24441,
24442,
24445,
24448,
24450,
24457,
24458,
24459,
24460,
24464,
24465,
24467,
24471,
24472,
24473,
24474,
24476,
24477,
24479,
24482,
24483,
24484,
24485,
24486,
24487,
24501,
24502,
24503,
24504,
24517,
24520,
24521,
24522,
24523,
24526,
24527,
24528,
24529,
24530,
24531,
24534,
24536,
24538,
24539,
24540,
24541,
24549,
24550,
24551,
24553,
24554,
24555,
24556,
24557,
24558,
24562,
24563,
24565,
24566,
24569,
24570,
24571,
24572,
24574,
24577,
24578,
24579,
24580,
24581,
24586,
24588,
24589,
24590,
24592,
24593,
24594,
24595,
24597,
24598,
24599,
24601,https://en.wikipedia.org/wiki/24601
24602,
24603,
24604,
24605,
24606,
24607,
24609,
24612,
24613,
24614,
24620,
24622,
24628,
24630,
24631,
24634,
24635,
24637,
24639,
24641,
24646,
24649,
24651,
24656,
24657,
24701,
24712,
24714,
24715,
24716,
24719,
24724,
24726,
24729,
24731,
24733,
24736,
24737,
24738,
24740,
24747,
24801,
24808,
24811,
24813,
24815,
24816,
24817,
24818,
24822,
24823,
24826,
24827,
24828,
24830,
24831,
24834,
24836,
24839,
24843,
24844,
24845,
24846,
24847,
24848,
24849,
24850,
24851,
24853,
24854,
24857,
24860,
24861,
24862,
24866,
24867,
24868,
24869,
24870,
24871,
24872,
24873,
24874,
24878,
24879,
24880,
24881,
24882,
24884,
24887,
24888,
24892,
24894,
24898,
24901,
24910,
24915,
24916,
24918,
24920,
24924,
24925,
24927,
24931,
24934,
24935,
24938,
24941,
24944,
24945,
24946,
24951,
24954,
24957,
24962,
24963,
24966,
24970,
24974,
24976,
24977,
24981,
24983,
24984,
24986,
24991,
25002,
25003,
25005,
25007,
25008,
25009,
25011,
25015,
25019,
25021,
25022,
25024,
25025,
25028,
25030,
25031,
25033,
25035,
25036,
25039,
25040,
25043,
25044,
25045,
25047,
25048,
25049,
25051,
25053,
25054,
25057,
25059,
25060,
25061,
25062,
25063,
25064,
25067,
25070,
25071,
25075,
25076,
25081,
25082,
25083,
25085,
25086,
25088,
25090,
25093,
25102,
25103,
25106,
25107,
25108,
25109,
25110,
25111,
25112,
25113,
25114,
25115,
25118,
25119,
25121,
25123,
25124,
25125,
25126,
25130,
25132,
25133,
25134,
25136,
25139,
25140,
25141,
25142,
25143,
25148,
25149,
25152,
25154,
25156,
25159,
25160,
25161,
25162,
25164,
25165,
25168,
25169,
25173,
25174,
25177,
25180,
25181,
25183,
25185,
25186,
25187,
25193,
25201,
25202,
25203,
25204,
25205,
25206,
25208,
25209,
25211,
25213,
25214,
25234,
25235,
25239,
25241,
25243,
25244,
25245,
25247,
25248,
25251,
25252,
25253,
25259,
25260,
25261,
25262,
25264,
25265,
25266,
25267,
25268,
25270,
25271,
25275,
25276,
25285,
25286,
25287,
25301,
25302,
25303,
25304,
25305,
25306,
25309,
25311,
25312,
25313,
25314,
25315,
25320,
25401,
25403,
25404,
25405,
25411,
25413,
25414,
25419,
25420,
25422,
25425,
25427,
25428,
25430,
25431,
25432,
25434,
25437,
25438,
25442,
25443,
25444,
25446,
25501,
25502,
25503,
25504,
25505,
25506,
25507,
25508,
25510,
25511,
25512,
25514,
25515,
25517,
25520,
25521,
25523,
25524,
25526,
25529,
25530,
25534,
25535,
25537,
25540,
25541,
25545,
25547,
25550,
25555,
25557,
25559,
25560,
25564,
25565,
25567,
25570,
25571,
25573,
25601,
25606,
25607,
25608,
25611,
25617,
25621,
25624,
25625,
25628,
25630,
25632,
25634,
25635,
25637,
25638,
25639,
25644,
25646,
25647,
25649,
25650,
25651,
25652,
25653,
25654,
25661,
25666,
25669,
25670,
25671,
25672,
25674,
25676,
25678,
25688,
25690,
25692,
25696,
25699,
25701,
25702,
25703,
25704,
25705,
25801,
25810,
25811,
25812,
25813,
25817,
25818,
25820,
25823,
25825,
25826,
25827,
25831,
25832,
25836,
25837,
25839,
25840,
25841,
25843,
25844,
25845,
25846,
25848,
25849,
25853,
25854,
25855,
25857,
25862,
25864,
25865,
25868,
25870,
25871,
25873,
25875,
25876,
25878,
25879,
25880,
25882,
25901,
25902,
25904,
25906,
25907,
25908,
25911,
25913,
25915,
25916,
25917,
25918,
25920,
25921,
25922,
25928,
25932,
25936,
25938,
25942,
25951,
25958,
25962,
25969,
25971,
25972,
25976,
25977,
25978,
25979,
25981,
25984,
25985,
25989,
26003,
26030,
26031,
26032,
26033,
26034,
26035,
26036,
26037,
26038,
26039,
26040,
26041,
26047,
26050,
26055,
26056,
26059,
26060,
26062,
26070,
26074,
26075,
26101,
26104,
26105,
26133,
26134,
26136,
26137,
26138,
26141,
26142,
26143,
26146,
26147,
26148,
26149,
26150,
26151,
26152,
26155,
26159,
26160,
26161,
26164,
26167,
26169,
26170,
26175,
26178,
26180,
26181,
26184,
26187,
26201,
26202,
26203,
26205,
26206,
26208,
26209,
26215,
26217,
26218,
26222,
26224,
26228,
26230,https://en.wikipedia.org/wiki/26230
26234,
26236,
26237,
26238,
26241,
26250,
26253,
26254,
26257,
26259,
26260,
26261,
26263,
26264,
26266,
26267,
26268,
26269,
26270,
26271,
26273,
26275,
26276,
26278,
26280,
26282,
26283,
26285,
26287,
26288,
26291,
26292,
26293,
26294,
26296,
26298,
26301,
26320,
26321,
26323,
26325,
26327,
26330,
26335,
26337,
26338,
26339,
26342,
26343,
26346,
26347,
26348,
26349,
26351,
26354,
26361,
26362,
26366,
26369,
26372,
26374,
26376,
26377,
26378,
26384,
26385,
26386,
26404,
26405,
26408,
26410,
26411,
26412,
26415,
26416,
26419,
26421,
26422,
26424,
26425,
26426,
26430,
26431,
26435,
26436,
26437,
26438,
26440,
26443,
26444,
26447,
26448,
26451,
26452,
26456,
26501,
26505,
26508,
26519,
26520,
26521,
26525,
26534,
26537,
26541,
26542,
26543,
26547,
26554,
26559,
26560,
26562,
26563,
26568,
26570,
26571,
26572,
26574,
26575,
26576,
26581,
26582,
26585,
26586,
26587,
26588,
26590,
26591,
26601,
26610,
26611,
26615,
26617,
26619,
26621,
26623,
26624,
26627,
26629,
26631,
26636,
26638,
26651,
26656,
26660,
26662,
26676,
26678,
26679,
26680,
26681,
26684,
26690,
26691,
26704,
26705,
26707,
26710,
26711,
26714,
26716,
26717,
26719,
26720,
26722,
26726,
26731,
26739,
26743,
26750,
26753,
26755,
26757,
26761,
26763,
26764,
26767,
26801,
26802,
26804,
26807,
26808,
26810,
26812,
26814,
26815,
26817,
26818,
26823,
26833,
26836,
26845,
26847,
26851,
26852,
26855,
26865,
26866,
26884,
27006,
27007,
27009,
27011,
27012,
27013,
27014,
27016,
27017,
27018,
27019,
27020,
27021,
27022,
27023,
27024,
27025,
27027,
27028,
27030,
27040,
27041,
27042,
27043,
27045,
27046,
27047,
27048,
27050,
27051,
27052,
27053,
27054,
27055,
27101,
27103,
27104,
27105,
27106,
27107,
27109,
27110,
27127,
27201,
27203,
27205,
27207,
27208,
27209,
27212,
27214,
27215,
27217,
27229,
27231,
27233,
27235,
27239,
27242,
27243,
27244,
27248,
27249,
27252,
27253,
27258,
27260,
27262,
27263,
27265,
27278,
27281,
27282,
27283,
27284,
27288,
27291,
27292,
27295,
27298,
27299,
27301,
27302,
27305,
27306,
27310,
27311,
27312,
27313,
27314,
27315,
27316,
27317,
27320,
27325,
27326,
27330,
27332,
27340,
27341,
27343,
27344,
27349,
27350,
27355,
27356,
27357,
27358,
27360,
27370,
27371,
27376,
27377,
27379,
27401,
27403,
27405,
27406,
27407,
27408,
27409,
27410,
27455,
27501,
27502,
27503,
27504,
27505,
27507,
27508,
27509,
27510,
27511,
27513,
27514,
27516,
27517,
27518,
27519,
27520,
27521,
27522,
27523,
27524,
27525,
27526,
27527,
27529,
27530,
27531,
27534,
27536,
27537,
27539,
27540,
27541,
27542,
27544,
27545,
27546,
27549,
27551,
27553,
27555,
27556,
27557,
27559,
27560,
27562,
27563,
27565,
27568,
27569,
27571,
27572,
27573,
27574,
27576,
27577,
27581,
27582,
27583,
27587,
27589,
27591,
27592,
27596,
27597,
27601,
27603,
27604,
27605,
27606,
27607,
27608,
27609,
27610,
27612,
27613,
27614,
27615,
27616,
27617,
27701,
27703,
27704,
27705,
27707,
27709,
27712,
27713,
27801,
27803,
27804,
27805,
27806,
27807,
27808,
27809,
27810,
27812,
27813,
27814,
27816,
27817,
27818,
27819,
27820,
27821,
27822,
27823,
27824,
27825,
27826,
27827,
27828,
27829,
27830,
27831,
27832,
27834,
27837,
27839,
27840,
27841,
27842,
27843,
27844,
27845,
27846,
27847,
27849,
27850,
27851,
27852,
27853,
27855,
27856,
27857,
27858,
27860,
27861,
27862,
27863,
27864,
27865,
27866,
27869,
27870,
27871,
27872,
27873,
27874,
27875,
27876,
27878,
27879,
27880,
27881,
27882,
27883,
27884,
27885,
27886,
27888,
27889,
27890,
27891,
27892,
27893,
27896,
27897,
27909,
27910,
27915,
27916,
27917,
27919,
27920,
27921,
27922,
27923,
27924,
27925,
27926,
27927,
27928,
27929,
27932,
27935,
27936,
27937,
27938,
27939,
27941,
27942,
27943,
27944,
27946,
27947,
27948,
27949,
27950,
27953,
27954,
27956,
27957,
27958,
27959,
27960,
27962,
27964,
27965,
27966,
27967,
27968,
27970,
27972,
27973,
27974,
27976,
27978,
27979,
27980,
27981,
27982,
27983,
27985,
27986,
28001,
28006,
28007,
28009,
28012,
28016,
28017,
28018,
28019,
28020,
28021,
28023,
28025,
28027,
28031,
28032,
28033,
28034,
28036,
28037,
28039,
28040,
28043,
28052,
28054,
28056,
28071,
28072,
28073,
28075,
28076,
28077,
28078,
28079,
28080,
28081,
28083,
28086,
28088,
28089,
28090,
28091,
28092,
28097,
28098,
28101,
28102,
28103,
28104,
28105,
28107,
28108,
28109,
28110,
28112,
28114,
28115,
28117,
28119,
28120,
28124,
28125,
28127,
28128,
28129,
28133,
28134,
28135,
28137,
28138,
28139,
28144,
28146,
28147,
28150,
28152,
28159,
28160,
28163,
28164,
28166,
28167,
28168,
28169,
28170,
28173,
28174,
28202,
28203,
28204,
28205,
28206,
28207,
28208,
28209,
28210,
28211,
28212,
28213,
28214,
28215,
28216,
28217,
28226,
28227,
28244,
28262,
28269,
28270,
28273,
28277,
28278,
28280,
28282,
28301,
28303,
28304,
28305,
28306,
28307,
28308,
28310,
28311,
28312,
28314,
28315,
28318,
28320,
28323,
28325,
28326,
28327,
28328,
28330,
28332,
28333,
28334,
28337,
28338,
28339,
28340,
28341,
28342,
28343,
28344,
28345,
28347,
28348,
28349,
28350,
28351,
28352,
28356,
28357,
28358,
28360,
28363,
28364,
28365,
28366,
28367,
28369,
28371,
28372,
28373,
28374,
28375,
28376,
28377,
28379,
28382,
28383,
28384,
28385,
28386,
28387,
28390,
28391,
28392,
28393,
28394,
28395,
28396,
28398,
28399,
28401,
28403,
28405,
28409,
28411,
28412,
28420,
28421,
28422,
28423,
28424,
28425,
28428,
28429,
28430,
28431,
28432,
28433,
28434,
28435,
28436,
28438,
28439,
28441,
28442,
28443,
28444,
28445,
28447,
28448,
28449,
28450,
28451,
28452,
28453,
28454,
28455,
28456,
28457,
28458,
28460,
28461,
28462,
28463,
28464,
28465,
28466,
28467,
28468,
28469,
28470,
28472,
28478,
28479,
28480,
28501,
28504,
28508,
28510,
28511,
28512,
28513,
28515,
28516,
28518,
28519,
28520,
28521,
28523,
28524,
28525,
28526,
28527,
28528,
28529,
28530,
28531,
28532,
28533,
28537,
28538,
28539,
28540,
28543,
28544,
28546,
28547,
28551,
28552,
28553,
28554,
28555,
28556,
28557,
28560,
28562,
28570,
28571,
28572,
28573,
28574,
28575,
28577,
28578,
28579,
28580,
28581,
28582,
28583,
28584,
28585,
28586,
28587,
28589,
28590,
28594,
28601,
28602,
28604,
28605,
28606,
28607,
28609,
28610,
28611,
28612,
28613,
28615,
28616,
28617,
28618,
28619,
28621,
28622,
28623,
28624,
28625,
28626,
28627,
28628,
28629,
28630,
28631,
28634,
28635,
28636,
28637,
28638,
28640,
28642,
28643,
28644,
28645,
28646,
28647,
28649,
28650,
28651,
28652,
28654,
28655,
28657,
28658,
28659,
28660,
28662,
28663,
28665,
28666,
28667,
28668,
28669,
28670,
28671,
28672,
28673,
28675,
28676,
28677,
28678,
28679,
28681,
28682,
28683,
28684,
28685,
28689,
28690,
28692,
28693,
28694,
28697,
28698,
28701,
28702,
28704,
28705,
28707,
28708,
28709,
28711,
28712,
28713,
28714,
28715,
28716,
28717,
28718,
28719,
28720,
28721,
28722,
28723,
28725,
28726,
28729,
28730,
28731,
28732,
28733,
28734,
28735,
28736,
28739,
28740,
28741,
28742,
28743,
28745,
28746,
28747,
28748,
28749,
28751,
28752,
28753,
28754,
28756,
28757,
28759,
28761,
28762,
28763,
28766,
28768,
28771,
28772,
28773,
28774,
28775,
28777,
28778,
28779,
28781,
28782,
28783,
28785,
28786,
28787,
28789,
28790,
28791,
28792,
28801,
28803,
28804,
28805,
28806,
28901,
28902,
28904,
28905,
28906,
28909,
29001,
29003,
29006,
29009,
29010,
29014,
29015,
29016,
29018,
29020,
29030,
29031,
29032,
29033,
29036,
29037,
29038,
29039,
29040,
29042,
29044,
29045,
29046,
29047,
29048,
29051,
29052,
29053,
29054,
29055,
29056,
29058,
29059,
29061,
29062,
29063,
29065,
29067,
29069,
29070,
29072,
29073,
29074,
29075,
29078,
29079,
29080,
29081,
29082,
29101,
29102,
29104,
29105,
29107,
29108,
29111,
29112,
29113,
29114,
29115,
29117,
29118,
29122,
29123,
29125,
29126,
29127,
29128,
29129,
29130,
29133,
29135,
29137,
29138,
29142,
29145,
29146,
29147,
29148,
29150,
29152,
29153,
29154,
29160,
29161,
29162,
29163,
29164,
29166,
29168,
29169,
29170,
29172,
29175,
29178,
29180,
29201,
29202,
29203,
29204,
29205,
29206,
29207,
29208,
29209,
29210,
29212,
29223,
29225,
29229,
29301,
29302,
29303,
29306,
29307,
29316,
29320,
29321,
29322,
29323,
29324,
29325,
29329,
29330,
29331,
29332,
29333,
29334,
29335,
29338,
29340,
29341,
29346,
29349,
29351,
29353,
29355,
29356,
29360,
29364,
29365,
29368,
29369,
29370,
29372,
29373,
29374,
29375,
29376,
29377,
29378,
29379,
29384,
29385,
29388,
29401,
29403,
29404,
29405,
29406,
29407,
29409,
29410,
29412,
29414,
29418,
29420,
29423,
29424,
29426,
29429,
29431,
29432,
29434,
29435,
29436,
29437,
29438,
29439,
29440,
29445,
29446,
29448,
29449,
29450,
29451,
29452,
29453,
29455,
29456,
29458,
29461,
29464,
29466,
29468,
29469,
29470,
29471,
29472,
29474,
29475,
29477,
29479,
29481,
29482,
29483,
29485,
29487,
29488,
29492,
29493,
29501,
29505,
29506,
29510,
29511,
29512,
29516,
29518,
29519,
29520,
29525,
29526,
29527,
29530,
29532,
29536,
29540,
29541,
29543,
29544,
29545,
29546,
29547,
29550,
29554,
29555,
29556,
29560,
29563,
29564,
29565,
29566,
29567,
29568,
29569,
29570,
29571,
29572,
29574,
29575,
29576,
29577,
29579,
29580,
29581,
29582,
29583,
29584,
29585,
29588,
29590,
29591,
29592,
29593,
29594,
29596,
29601,
29605,
29607,
29609,
29611,
29613,
29614,
29615,
29617,
29620,
29621,
29624,
29625,
29626,
29627,
29628,
29630,
29631,
29634,
29635,
29638,
29639,
29640,
29642,
29643,
29644,
29645,
29646,
29649,
29650,
29651,
29653,
29654,
29655,
29657,
29658,
29659,
29661,
29662,
29664,
29665,
29666,
29667,
29669,
29670,
29671,
29672,
29673,
29676,
29678,
29680,
29681,
29682,
29683,
29684,
29685,
29686,
29687,
29689,
29690,
29691,
29692,
29693,
29696,
29697,
29702,
29704,
29706,
29707,
29708,
29709,
29710,
29712,
29714,
29715,
29717,
29718,
29720,
29724,
29726,
29727,
29728,
29729,
29730,
29732,
29733,
29741,
29742,
29743,
29745,
29801,
29803,
29805,
29809,
29810,
29812,
29816,
29817,
29819,
29821,
29824,
29826,
29827,
29828,
29829,
29831,
29832,
29834,
29835,
29836,
29838,
29840,
29841,
29842,
29843,
29844,
29845,
29847,
29848,
29849,
29850,
29851,
29853,
29856,
29860,
29899,
29902,
29904,
29905,
29906,
29907,
29909,
29910,
29911,
29912,
29915,
29916,
29918,
29920,
29921,
29922,
29923,
29924,
29926,
29927,
29928,
29929,
29932,
29934,
29935,
29936,
29939,
29940,
29941,
29943,
29944,
29945,
30002,
30004,
30005,
30008,
30009,
30011,
30012,
30013,
30014,
30016,
30017,
30019,
30021,
30022,
30024,
30025,
30028,
30030,
30032,
30033,
30034,
30035,
30038,
30039,
30040,
30041,
30043,
30044,
30045,
30046,
30047,
30052,
30054,
30055,
30056,
30058,
30060,
30062,
30064,
30066,
30067,
30068,
30070,
30071,
30072,
30075,https://en.wikipedia.org/wiki/30075
30076,https://en.wikipedia.org/wiki/30076
30078,
30079,
30080,
30082,
30083,
30084,
30087,
30088,
30092,
30093,
30094,
30096,
30097,
30101,https://en.wikipedia.org/wiki/30101
30102,https://en.wikipedia.org/wiki/30102
30103,
30104,
30105,
30106,
30107,
30108,
30110,
30113,
30114,
30115,
30116,
30117,
30118,
30120,
30121,
30122,
30124,
30125,
30126,
30127,
30132,
30134,
30135,
30137,
30139,
30141,
30143,https://en.wikipedia.org/wiki/30143
30144,
30145,
30147,
30148,
30149,
30152,
30153,
30157,
30161,
30164,
30165,
30168,
30170,
30171,
30173,
30175,
30176,
30177,
30178,
30179,
30180,
30182,
30183,
30184,
30185,
30187,
30188,https://en.wikipedia.org/wiki/30188
30189,https://en.wikipedia.org/wiki/30189
30204,
30205,
30206,
30213,
30214,
30215,
30216,
30217,
30218,
30220,
30222,
30223,
30224,
30228,
30230,
30233,
30234,
30236,
30238,
30240,
30241,
30248,
30250,
30251,
30252,
30253,
30256,
30257,
30258,
30259,
30260,
30263,
30265,
30268,
30269,
30273,
30274,
30275,
30276,
30277,
30281,
30284,
30285,
30286,
30288,
30289,
30290,
30291,
30292,
30293,
30294,
30295,
30296,
30297,
30303,
30305,
30306,
30307,
30308,
30309,
30310,
30311,
30312,
30313,
30314,
30315,
30316,
30317,
30318,
30319,
30322,
30324,
30326,
30327,
30328,
30329,
30331,
30332,
30334,
30336,
30337,
30338,
30339,
30340,
30341,
30342,
30344,
30345,
30346,
30349,
30350,https://en.wikipedia.org/wiki/30350
30354,
30360,
30363,
30401,
30410,
30411,
30412,
30413,
30415,
30417,
30420,
30421,
30423,
30425,
30426,
30427,
30428,
30429,
30434,
30436,
30438,
30439,
30441,
30442,
30445,
30446,
30448,
30449,
30450,
30451,
30452,
30453,
30454,
30455,
30456,
30457,
30458,
30460,
30461,
30464,
30467,
30470,
30471,
30473,
30474,
30475,
30477,
30501,
30504,
30506,
30507,
30510,
30511,
30512,
30513,
30516,
30517,
30518,
30519,
30520,
30521,
30522,
30523,
30525,
30527,
30528,
30529,
30530,
30531,
30533,
30534,
30535,https://en.wikipedia.org/wiki/30535
30536,
30537,
30538,
30540,
30541,
30542,
30543,
30545,
30546,
30547,
30548,
30549,
30552,
30553,
30554,
30555,
30557,
30558,
30559,
30560,
30562,
30563,
30564,
30565,
30566,
30567,
30568,
30571,
30572,
30573,
30575,
30576,
30577,
30581,
30582,
30601,
30602,
30605,
30606,
30607,
30609,
30619,
30620,
30621,
30622,
30623,
30624,
30625,
30627,
30628,
30629,
30630,
30631,
30633,
30634,
30635,
30641,
30642,
30643,
30646,
30648,
30650,
30655,
30656,
30660,
30662,
30663,
30664,
30665,
30666,
30667,
30668,
30669,
30673,
30677,
30678,
30680,
30683,
30701,
30705,
30707,
30708,
30710,
30711,
30720,
30721,
30725,
30726,
30728,
30730,
30731,
30733,
30734,
30735,
30736,
30738,
30739,
30740,
30741,
30742,
30746,
30747,
30750,
30751,
30752,
30753,
30755,
30756,
30757,
30802,
30803,
30805,
30807,
30808,
30809,
30810,
30812,
30813,
30814,
30815,
30816,
30817,
30818,
30820,
30821,
30822,
30823,
30824,
30828,
30830,
30833,
30901,
30903,
30904,
30905,
30906,
30907,
30909,
30912,
31001,
31002,
31003,
31005,
31006,
31007,
31008,
31009,
31011,
31012,
31014,
31015,
31016,
31017,
31018,
31019,
31020,
31021,
31022,
31023,
31024,
31025,
31027,
31028,
31029,
31030,
31031,
31032,
31033,
31035,
31036,
31037,
31038,
31039,
31041,
31042,
31044,
31045,
31046,
31047,
31049,
31050,
31051,
31052,
31054,
31055,
31057,
31058,
31060,
31061,
31062,
31063,
31064,
31065,
31066,
31067,
31068,
31069,
31070,
31071,
31072,
31075,
31076,
31077,
31078,
31079,
31081,
31082,
31083,
31084,
31085,
31087,
31088,
31089,
31090,
31091,
31092,
31093,
31094,
31096,
31097,
31098,
31201,
31204,
31206,
31207,
31210,
31211,
31213,
31216,
31217,
31220,
31301,
31302,
31303,
31304,
31305,
31307,
31308,
31309,
31312,
31313,
31314,
31315,
31316,
31318,
31320,
31321,
31322,
31323,
31324,
31326,
31327,
31328,
31329,
31331,
31401,
31404,
31405,
31406,
31407,
31408,
31409,
31410,
31411,
31415,
31419,
31501,
31503,
31510,
31512,
31513,
31516,
31518,
31519,
31520,
31522,
31523,
31524,
31525,
31527,
31532,
31533,
31535,
31537,
31539,
31542,
31543,
31544,
31545,
31546,
31547,
31548,
31549,
31550,
31551,
31552,
31553,
31554,
31555,
31556,
31557,
31558,
31560,
31561,
31562,
31563,
31565,
31566,
31567,
31568,
31569,
31601,
31602,
31605,
31606,
31620,
31622,
31623,
31624,
31625,
31626,
31627,
31629,
31630,
31631,
31632,
31634,
31635,
31636,
31637,
31638,
31639,
31641,
31642,
31643,
31645,
31647,
31648,
31649,
31650,
31698,
31699,
31701,
31705,
31707,
31709,
31711,
31712,
31714,
31716,
31719,
31720,
31721,
31722,
31730,
31733,
31735,
31738,
31743,
31744,
31747,
31749,
31750,
31756,
31757,
31763,
31764,
31765,
31768,
31771,
31772,
31773,
31774,
31775,
31778,
31779,
31780,
31781,
31783,
31784,
31787,
31788,
31789,
31790,
31791,
31792,
31793,
31794,
31795,
31796,
31798,
31801,
31803,
31804,
31805,
31806,
31807,
31808,
31810,
31811,
31812,
31814,
31815,
31816,
31820,
31821,
31822,
31823,
31824,
31825,
31826,
31827,
31829,
31830,
31831,
31832,
31833,
31836,
31901,
31903,
31904,
31905,
31906,
31907,
31909,
32003,
32008,
32009,
32011,
32024,
32025,
32026,
32033,
32034,
32038,
32040,
32043,
32044,
32046,
32052,
32053,
32054,
32055,
32058,
32059,
32060,
32061,
32062,
32063,
32064,
32065,
32066,
32068,
32071,
32072,
32073,
32079,
32080,
32081,
32082,
32083,
32084,
32086,
32087,
32091,
32092,
32094,
32095,
32096,
32097,
32102,
32110,
32112,
32113,
32114,
32117,
32118,
32119,
32124,
32127,
32128,
32129,
32130,
32131,
32132,
32133,
32134,
32136,
32137,
32139,
32140,
32141,
32145,
32147,
32148,
32157,
32159,
32162,
32164,
32168,
32169,
32174,
32176,
32177,
32179,
32180,
32181,
32187,
32189,
32190,
32193,
32195,
32202,
32204,
32205,
32206,
32207,
32208,
32209,
32210,
32211,
32212,
32216,
32217,
32218,
32219,
32220,
32221,
32222,
32223,
32224,
32225,
32226,
32227,
32228,
32233,
32234,
32244,
32246,
32250,
32254,
32256,
32257,
32258,
32259,
32266,
32277,
32301,
32303,https://en.wikipedia.org/wiki/32303
32304,
32305,
32308,
32309,
32310,
32311,
32312,
32317,
32320,
32321,
32322,
32323,
32324,
32327,
32328,
32330,
32331,
32332,
32333,
32334,
32336,
32340,
32343,
32344,
32346,
32347,
32348,
32350,
32351,
32352,
32355,
32356,
32358,
32359,
32361,
32399,
32401,
32403,
32404,
32405,
32407,
32408,
32409,
32410,
32413,
32420,
32421,
32423,
32424,
32425,
32426,
32427,
32428,
32430,
32431,
32432,
32433,
32435,
32437,
32438,
32439,
32440,
32442,
32443,
32444,
32445,
32446,
32447,
32448,
32449,
32455,
32456,
32459,
32460,
32461,
32462,
32463,
32464,
32465,
32466,
32501,
32502,
32503,
32504,
32505,
32506,
32507,
32508,
32509,
32511,
32514,
32526,
32530,
32531,
32533,
32534,
32535,
32536,https://en.wikipedia.org/wiki/32536
32539,https://en.wikipedia.org/wiki/32539
32541,
32542,
32544,
32547,
32548,
32550,https://en.wikipedia.org/wiki/32550
32561,
32563,
32564,
32565,
32566,
32567,
32568,
32569,
32570,
32571,
32577,
32578,
32579,
32580,
32583,
32601,
32603,
32605,
32606,
32607,
32608,https://en.wikipedia.org/wiki/32608
32609,
32612,
32615,
32616,
32617,
32618,
32619,
32621,
32622,
32625,
32626,
32628,
32631,
32639,
32640,
32641,
32643,
32648,
32653,
32656,
32658,
32664,
32666,
32667,
32668,
32669,
32680,
32681,
32683,
32686,
32692,
32693,
32694,
32696,
32697,
32701,
32702,
32703,
32707,
32708,
32709,
32712,
32713,
32714,
32720,
32724,
32725,
32726,
32730,
32732,
32735,
32736,
32738,
32744,
32746,
32750,
32751,
32754,
32757,
32759,
32763,
32764,
32765,
32766,
32767,
32771,
32773,
32776,
32778,
32779,
32780,
32784,
32789,
32792,
32796,
32798,
32801,
32803,
32804,
32805,
32806,
32807,
32808,
32809,
32810,
32811,
32812,
32814,
32817,
32818,
32819,
32820,
32821,
32822,
32824,
32825,
32826,
32827,
32828,
32829,
32830,
32831,
32832,
32833,
32835,
32836,
32837,
32839,
32901,
32903,
32904,
32905,
32907,
32908,
32909,
32920,
32922,
32925,
32926,
32927,
32931,
32934,
32935,
32937,
32940,
32948,
32949,
32950,
32951,
32952,
32953,
32955,
32958,
32960,
32962,
32963,
32966,
32967,
32968,
32970,
32976,
33001,
33004,
33009,
33010,
33012,
33013,
33014,
33015,
33016,
33018,
33019,
33020,
33021,
33023,
33024,
33025,
33026,
33027,
33028,
33029,
33030,
33031,
33032,
33033,
33034,
33035,
33036,
33037,
33039,
33040,
33042,
33043,
33050,
33051,
33054,
33055,
33056,
33060,
33062,
33063,
33064,
33065,
33066,
33067,
33068,
33069,
33070,
33071,
33073,
33076,
33101,
33109,
33122,
33125,
33126,
33127,
33128,
33129,
33130,
33131,
33132,
33133,
33134,
33135,
33136,
33137,
33138,
33139,
33140,
33141,
33142,
33143,
33144,
33145,
33146,
33147,
33149,
33150,
33154,
33155,
33156,
33157,
33158,
33160,
33161,
33162,
33165,
33166,
33167,
33168,
33169,
33170,
33172,
33173,
33174,
33175,
33176,
33177,
33178,
33179,
33180,
33181,
33182,
33183,
33184,
33185,
33186,
33187,
33189,
33190,
33193,
33194,
33196,
33301,
33304,
33305,
33306,
33308,
33309,
33311,
33312,
33313,
33314,
33315,
33316,
33317,
33319,
33321,
33322,
33323,
33324,
33325,
33326,
33327,
33328,
33330,
33331,
33332,
33334,
33351,
33401,
33403,
33404,
33405,
33406,
33407,
33408,
33409,
33410,
33411,
33412,
33413,
33414,
33415,
33417,
33418,
33426,
33428,
33430,
33431,
33432,
33433,
33434,
33435,
33436,
33437,
33438,
33440,
33441,
33442,
33444,
33445,
33446,
33449,
33455,
33458,
33460,
33461,
33462,
33463,
33467,
33469,
33470,
33471,
33472,
33473,
33476,
33477,
33478,
33480,
3348